{
  "apiVersion": "4.0",
  "extManagedVirtualLinks": [{
      "id": "dataSwitchFabric1Network",
      "vimConnectionId": "vim_id",
      "resourceId": "$dataSwitchFabric1Net",
      "virtualLinkDescId": "dataSwitchFabric1VL"
    },
    {
      "id": "dataSwitchFabric2Network",
      "vimConnectionId": "vim_id",
      "resourceId": "$dataSwitchFabric2Net",
      "virtualLinkDescId": "dataSwitchFabric2VL"
    }
  ],
  "extVirtualLinks": [{
      "extCps": [{
        "cpConfig": [{
          "cpProtocolData": [{
            "layerProtocol": "IP_OVER_ETHERNET",
            "ipOverEthernet": {
              "ipAddresses": [{
                "type": "$loadBalancerExt1IpType",
                "fixedAddresses": [
                  "$loadBalancerExt1Ip"
                ],
                "subnetId": "notUsed"
              }]
            }
          }]
        }],
        "cpdId": "loadBalancerExt1ECP"
      }],
      "id": "loadBalancerExt1Network",
      "vimConnectionId": "vim_id",
      "resourceId": "$extConnectNet1"
    },
    {
      "extCps": [{
        "cpConfig": [{
          "cpProtocolData": [{
            "layerProtocol": "IP_OVER_ETHERNET",
            "ipOverEthernet": {
              "ipAddresses": [{
                "type": "$loadBalancerExt2IpType",
                "fixedAddresses": [
                  "$loadBalancerExt2Ip"
                ],
                "subnetId": "notUsed"
              }]
            }
          }]
        }],
        "cpdId": "loadBalancerExt2ECP"
      }],
      "id": "loadBalancerExt2Network",
      "vimConnectionId": "vim_id",
      "resourceId": "$extConnectNet2"
    },
    {
      "extCps": [{
        "cpConfig": [{
          "cpProtocolData": [{
            "layerProtocol": "IP_OVER_ETHERNET",
            "ipOverEthernet": {
              "ipAddresses": [{
                "type": "$loadBalancerExt3IpType",
                "fixedAddresses": [
                  "$loadBalancerExt3Ip"
                ],
                "subnetId": "notUsed"
              }]
            }
          }]
        }],
        "cpdId": "loadBalancerExt3ECP"
      }],
      "id": "loadBalancerExt3Network",
      "vimConnectionId": "vim_id",
      "resourceId": "$extConnectNet3"
    },
    {
      "extCps": [{
        "cpConfig": [{
          "cpProtocolData": [{
            "layerProtocol": "IP_OVER_ETHERNET",
            "ipOverEthernet": {
              "ipAddresses": [{
                "type": "$loadBalancerExt4IpType",
                "fixedAddresses": [
                  "$loadBalancerExt4Ip"
                ],
                "subnetId": "notUsed"
              }]
            }
          }]
        }],
        "cpdId": "loadBalancerExt4ECP"
      }],
      "id": "loadBalancerExt4Network",
      "vimConnectionId": "vim_id",
      "resourceId": "$extConnectNet4"
    },
    {
      "extCps": [{
        "cpConfig": [{
          "cpProtocolData": [{
            "layerProtocol": "IP_OVER_ETHERNET",
            "ipOverEthernet": {
              "ipAddresses": [{
                "type": "$loadBalancerExt5IpType",
                "fixedAddresses": [
                  "$loadBalancerExt5Ip"
                ],
                "subnetId": "notUsed"
              }]
            }
          }]
        }],
        "cpdId": "loadBalancerExt5ECP"
      }],
      "id": "loadBalancerExt5Network",
      "vimConnectionId": "vim_id",
      "resourceId": "$extConnectNet5"
    },
    {
      "extCps": [{
        "cpConfig": [{
          "cpProtocolData": [{
            "layerProtocol": "IP_OVER_ETHERNET",
            "ipOverEthernet": {
              "ipAddresses": [{
                "type": "$loadBalancerExt6IpType",
                "fixedAddresses": [
                  "$loadBalancerExt6Ip"
                ],
                "subnetId": "notUsed"
              }]
            }
          }]
        }],
        "cpdId": "loadBalancerExt6ECP"
      }],
      "id": "loadBalancerExt6Network",
      "vimConnectionId": "vim_id",
      "resourceId": "$extConnectNet6"
    },
    {
      "extCps": [{
        "cpConfig": [{
          "cpProtocolData": [{
            "layerProtocol": "IP_OVER_ETHERNET",
            "ipOverEthernet": {
              "ipAddresses": [{
                "type": "$loadBalancerExt7IpType",
                "fixedAddresses": [
                  "$loadBalancerExt7Ip"
                ],
                "subnetId": "notUsed"
              }]
            }
          }]
        }],
        "cpdId": "loadBalancerExt7ECP"
      }],
      "id": "loadBalancerExt7Network",
      "vimConnectionId": "vim_id",
      "resourceId": "$extConnectNet7"
    },
    {
      "extCps": [{
        "cpConfig": [{
          "cpProtocolData": [{
            "layerProtocol": "IP_OVER_ETHERNET",
            "ipOverEthernet": {
              "ipAddresses": [{
                "type": "$loadBalancerExt8IpType",
                "fixedAddresses": [
                  "$loadBalancerExt8Ip"
                ],
                "subnetId": "notUsed"
              }]
            }
          }]
        }],
        "cpdId": "loadBalancerExt8ECP"
      }],
      "id": "loadBalancerExt8Network",
      "vimConnectionId": "vim_id",
      "resourceId": "$extConnectNet8"
    },
    {
      "extCps": [{
        "cpConfig": [{
          "cpProtocolData": [{
            "layerProtocol": "IP_OVER_ETHERNET",
            "ipOverEthernet": {
              "ipAddresses": [{
                "type": "$loadBalancerExt9IpType",
                "fixedAddresses": [
                  "$loadBalancerExt9Ip"
                ],
                "subnetId": "notUsed"
              }]
            }
          }]
        }],
        "cpdId": "loadBalancerExt9ECP"
      }],
      "id": "loadBalancerExt9Network",
      "vimConnectionId": "vim_id",
      "resourceId": "$extConnectNet9"
    },
    {
      "extCps": [{
        "cpConfig": [{
          "cpProtocolData": [{
            "layerProtocol": "IP_OVER_ETHERNET",
            "ipOverEthernet": {
              "ipAddresses": [{
                "type": "$loadBalancerExt10IpType",
                "fixedAddresses": [
                  "$loadBalancerExt10Ip"
                ],
                "subnetId": "notUsed"
              }]
            }
          }]
        }],
        "cpdId": "loadBalancerExt10ECP"
      }],
      "id": "loadBalancerExt10Network",
      "vimConnectionId": "vim_id",
      "resourceId": "$extConnectNet10"
    },
    {
      "extCps": [{
        "cpConfig": [{
          "cpProtocolData": [{
            "layerProtocol": "IP_OVER_ETHERNET",
            "ipOverEthernet": {
              "ipAddresses": [{
                "type": "$loadBalancerExt11IpType",
                "fixedAddresses": [
                  "$loadBalancerExt11Ip"
                ],
                "subnetId": "notUsed"
              }]
            }
          }]
        }],
        "cpdId": "loadBalancerExt11ECP"
      }],
      "id": "loadBalancerExt11Network",
      "vimConnectionId": "vim_id",
      "resourceId": "$extConnectNet11"
    },
    {
      "extCps": [{
        "cpConfig": [{
          "cpProtocolData": [{
            "layerProtocol": "IP_OVER_ETHERNET",
            "ipOverEthernet": {
              "ipAddresses": [{
                "type": "$loadBalancerExt12IpType",
                "fixedAddresses": [
                  "$loadBalancerExt12Ip"
                ],
                "subnetId": "notUsed"
              }]
            }
          }]
        }],
        "cpdId": "loadBalancerExt12ECP"
      }],
      "id": "loadBalancerExt12Network",
      "vimConnectionId": "vim_id",
      "resourceId": "$extConnectNet12"
    },
    {
      "extCps": [{
        "cpConfig": [{
          "cpProtocolData": [{
            "layerProtocol": "IP_OVER_ETHERNET",
            "ipOverEthernet": {
              "ipAddresses": [{
                "type": "$loadBalancerExt13IpType",
                "fixedAddresses": [
                  "$loadBalancerExt13Ip"
                ],
                "subnetId": "notUsed"
              }]
            }
          }]
        }],
        "cpdId": "loadBalancerExt13ECP"
      }],
      "id": "loadBalancerExt13Network",
      "vimConnectionId": "vim_id",
      "resourceId": "$extConnectNet13"
    },
    {
      "extCps": [{
        "cpConfig": [{
          "cpProtocolData": [{
            "layerProtocol": "IP_OVER_ETHERNET",
            "ipOverEthernet": {
              "ipAddresses": [{
                "type": "$loadBalancerExt14IpType",
                "fixedAddresses": [
                  "$loadBalancerExt14Ip"
                ],
                "subnetId": "notUsed"
              }]
            }
          }]
        }],
        "cpdId": "loadBalancerExt14ECP"
      }],
      "id": "loadBalancerExt14Network",
      "vimConnectionId": "vim_id",
      "resourceId": "$extConnectNet14"
    },
    {
      "extCps": [{
        "cpConfig": [{
          "cpProtocolData": [{
            "layerProtocol": "IP_OVER_ETHERNET",
            "ipOverEthernet": {
              "ipAddresses": [{
                "type": "$loadBalancerExt15IpType",
                "fixedAddresses": [
                  "$loadBalancerExt15Ip"
                ],
                "subnetId": "notUsed"
              }]
            }
          }]
        }],
        "cpdId": "loadBalancerExt15ECP"
      }],
      "id": "loadBalancerExt15Network",
      "vimConnectionId": "vim_id",
      "resourceId": "$extConnectNet15"
    },
    {
      "extCps": [{
        "cpConfig": [{
          "cpProtocolData": [{
            "layerProtocol": "IP_OVER_ETHERNET",
            "ipOverEthernet": {
              "ipAddresses": [{
                "type": "$loadBalancerExt16IpType",
                "fixedAddresses": [
                  "$loadBalancerExt16Ip"
                ],
                "subnetId": "notUsed"
              }]
            }
          }]
        }],
        "cpdId": "loadBalancerExt16ECP"
      }],
      "id": "loadBalancerExt16Network",
      "vimConnectionId": "vim_id",
      "resourceId": "$extConnectNet16"
    },
    {
      "extCps": [{
        "cpConfig": [{
          "cpProtocolData": [{
            "layerProtocol": "IP_OVER_ETHERNET",
            "ipOverEthernet": {
              "ipAddresses": [{
                "type": "$mgWorkingExt1IpType",
                "fixedAddresses": [
                  "$mgWorkingExt1Ip"
                ],
                "subnetId": "notUsed"
              }]
            }
          }]
        }],
        "cpdId": "mgWorkingExt1ECP"
      }],
      "id": "mgWorkingExt1Network",
      "vimConnectionId": "vim_id",
      "resourceId": "$mgWorkingExt1Net"
    },
    {
      "extCps": [{
        "cpConfig": [{
          "cpProtocolData": [{
            "layerProtocol": "IP_OVER_ETHERNET",
            "ipOverEthernet": {
              "ipAddresses": [{
                "type": "$mgProtectExt1IpType",
                "fixedAddresses": [
                  "$mgProtectExt1Ip"
                ],
                "subnetId": "notUsed"
              }]
            }
          }]
        }],
        "cpdId": "mgProtectExt1ECP"
      }],
      "id": "mgProtectExt1Network",
      "vimConnectionId": "vim_id",
      "resourceId": "$mgProtectExt1Net"
    },
    {
      "extCps": [{
        "cpConfig": [{
          "cpProtocolData": [{
            "layerProtocol": "IP_OVER_ETHERNET",
            "ipOverEthernet": {
              "ipAddresses": [{
                "type": "$mgWorkingExt2IpType",
                "fixedAddresses": [
                  "$mgWorkingExt2Ip"
                ],
                "subnetId": "notUsed"
              }]
            }
          }]
        }],
        "cpdId": "mgWorkingExt2ECP"
      }],
      "id": "mgWorkingExt2Network",
      "vimConnectionId": "vim_id",
      "resourceId": "$mgWorkingExt2Net"
    },
    {
      "extCps": [{
        "cpConfig": [{
          "cpProtocolData": [{
            "layerProtocol": "IP_OVER_ETHERNET",
            "ipOverEthernet": {
              "ipAddresses": [{
                "type": "$mgProtectExt2IpType",
                "fixedAddresses": [
                  "$mgProtectExt2Ip"
                ],
                "subnetId": "notUsed"
              }]
            }
          }]
        }],
        "cpdId": "mgProtectExt2ECP"
      }],
      "id": "mgProtectExt2Network",
      "vimConnectionId": "vim_id",
      "resourceId": "$mgProtectExt2Net"
    },
    {
      "extCps": [{
        "cpConfig": [{
          "cpProtocolData": [{
            "layerProtocol": "IP_OVER_ETHERNET",
            "ipOverEthernet": {
              "ipAddresses": [{
                "type": "$mgWorkingExt3IpType",
                "fixedAddresses": [
                  "$mgWorkingExt3Ip"
                ],
                "subnetId": "notUsed"
              }]
            }
          }]
        }],
        "cpdId": "mgWorkingExt3ECP"
      }],
      "id": "mgWorkingExt3Network",
      "vimConnectionId": "vim_id",
      "resourceId": "$mgWorkingExt3Net"
    },
    {
      "extCps": [{
        "cpConfig": [{
          "cpProtocolData": [{
            "layerProtocol": "IP_OVER_ETHERNET",
            "ipOverEthernet": {
              "ipAddresses": [{
                "type": "$mgProtectExt3IpType",
                "fixedAddresses": [
                  "$mgProtectExt3Ip"
                ],
                "subnetId": "notUsed"
              }]
            }
          }]
        }],
        "cpdId": "mgProtectExt3ECP"
      }],
      "id": "mgProtectExt3Network",
      "vimConnectionId": "vim_id",
      "resourceId": "$mgProtectExt3Net"
    },
    {
      "extCps": [{
        "cpConfig": [{
          "cpProtocolData": [{
            "layerProtocol": "IP_OVER_ETHERNET",
            "ipOverEthernet": {
              "ipAddresses": [{
                "type": "$mgWorkingExt4IpType",
                "fixedAddresses": [
                  "$mgWorkingExt4Ip"
                ],
                "subnetId": "notUsed"
              }]
            }
          }]
        }],
        "cpdId": "mgWorkingExt4ECP"
      }],
      "id": "mgWorkingExt4Network",
      "vimConnectionId": "vim_id",
      "resourceId": "$mgWorkingExt4Net"
    },
    {
      "extCps": [{
        "cpConfig": [{
          "cpProtocolData": [{
            "layerProtocol": "IP_OVER_ETHERNET",
            "ipOverEthernet": {
              "ipAddresses": [{
                "type": "$mgProtectExt4IpType",
                "fixedAddresses": [
                  "$mgProtectExt4Ip"
                ],
                "subnetId": "notUsed"
              }]
            }
          }]
        }],
        "cpdId": "mgProtectExt4ECP"
      }],
      "id": "mgProtectExt4Network",
      "vimConnectionId": "vim_id",
      "resourceId": "$mgProtectExt4Net"
    },
    {
      "extCps": [{
        "cpConfig": [{
          "cpProtocolData": [{
            "layerProtocol": "IP_OVER_ETHERNET",
            "ipOverEthernet": {
              "ipAddresses": [{
                "type": "$mgWorkingExt5IpType",
                "fixedAddresses": [
                  "$mgWorkingExt5Ip"
                ],
                "subnetId": "notUsed"
              }]
            }
          }]
        }],
        "cpdId": "mgWorkingExt5ECP"
      }],
      "id": "mgWorkingExt5Network",
      "vimConnectionId": "vim_id",
      "resourceId": "$mgWorkingExt5Net"
    },
    {
      "extCps": [{
        "cpConfig": [{
          "cpProtocolData": [{
            "layerProtocol": "IP_OVER_ETHERNET",
            "ipOverEthernet": {
              "ipAddresses": [{
                "type": "$mgProtectExt5IpType",
                "fixedAddresses": [
                  "$mgProtectExt5Ip"
                ],
                "subnetId": "notUsed"
              }]
            }
          }]
        }],
        "cpdId": "mgProtectExt5ECP"
      }],
      "id": "mgProtectExt5Network",
      "vimConnectionId": "vim_id",
      "resourceId": "$mgProtectExt5Net"
    },
    {
      "extCps": [{
        "cpConfig": [{
          "cpProtocolData": [{
            "layerProtocol": "IP_OVER_ETHERNET",
            "ipOverEthernet": {
              "ipAddresses": [{
                "type": "$mgWorkingExt6IpType",
                "fixedAddresses": [
                  "$mgWorkingExt6Ip"
                ],
                "subnetId": "notUsed"
              }]
            }
          }]
        }],
        "cpdId": "mgWorkingExt6ECP"
      }],
      "id": "mgWorkingExt6Network",
      "vimConnectionId": "vim_id",
      "resourceId": "$mgWorkingExt6Net"
    },
    {
      "extCps": [{
        "cpConfig": [{
          "cpProtocolData": [{
            "layerProtocol": "IP_OVER_ETHERNET",
            "ipOverEthernet": {
              "ipAddresses": [{
                "type": "$mgProtectExt6IpType",
                "fixedAddresses": [
                  "$mgProtectExt6Ip"
                ],
                "subnetId": "notUsed"
              }]
            }
          }]
        }],
        "cpdId": "mgProtectExt6ECP"
      }],
      "id": "mgProtectExt6Network",
      "vimConnectionId": "vim_id",
      "resourceId": "$mgProtectExt6Net"
    },
    {
      "extCps": [{
        "cpConfig": [{
          "cpProtocolData": [{
            "layerProtocol": "IP_OVER_ETHERNET",
            "ipOverEthernet": {
              "ipAddresses": [{
                "type": "$mgWorkingExt7IpType",
                "fixedAddresses": [
                  "$mgWorkingExt7Ip"
                ],
                "subnetId": "notUsed"
              }]
            }
          }]
        }],
        "cpdId": "mgWorkingExt7ECP"
      }],
      "id": "mgWorkingExt7Network",
      "vimConnectionId": "vim_id",
      "resourceId": "$mgWorkingExt7Net"
    },
    {
      "extCps": [{
        "cpConfig": [{
          "cpProtocolData": [{
            "layerProtocol": "IP_OVER_ETHERNET",
            "ipOverEthernet": {
              "ipAddresses": [{
                "type": "$mgProtectExt7IpType",
                "fixedAddresses": [
                  "$mgProtectExt7Ip"
                ],
                "subnetId": "notUsed"
              }]
            }
          }]
        }],
        "cpdId": "mgProtectExt7ECP"
      }],
      "id": "mgProtectExt7Network",
      "vimConnectionId": "vim_id",
      "resourceId": "$mgProtectExt7Net"
    },
    {
      "extCps": [{
        "cpConfig": [{
          "cpProtocolData": [{
            "layerProtocol": "IP_OVER_ETHERNET",
            "ipOverEthernet": {
              "ipAddresses": [{
                "type": "$mgWorkingExt8IpType",
                "fixedAddresses": [
                  "$mgWorkingExt8Ip"
                ],
                "subnetId": "notUsed"
              }]
            }
          }]
        }],
        "cpdId": "mgWorkingExt8ECP"
      }],
      "id": "mgWorkingExt8Network",
      "vimConnectionId": "vim_id",
      "resourceId": "$mgWorkingExt8Net"
    },
    {
      "extCps": [{
        "cpConfig": [{
          "cpProtocolData": [{
            "layerProtocol": "IP_OVER_ETHERNET",
            "ipOverEthernet": {
              "ipAddresses": [{
                "type": "$mgProtectExt8IpType",
                "fixedAddresses": [
                  "$mgProtectExt8Ip"
                ],
                "subnetId": "notUsed"
              }]
            }
          }]
        }],
        "cpdId": "mgProtectExt8ECP"
      }],
      "id": "mgProtectExt8Network",
      "vimConnectionId": "vim_id",
      "resourceId": "$mgProtectExt8Net"
    },
    {
      "extCps": [{
        "cpConfig": [{
          "cpProtocolData": [{
            "layerProtocol": "IP_OVER_ETHERNET",
            "ipOverEthernet": {
              "ipAddresses": [{
                "type": "$mgWorkingExt9IpType",
                "fixedAddresses": [
                  "$mgWorkingExt9Ip"
                ],
                "subnetId": "notUsed"
              }]
            }
          }]
        }],
        "cpdId": "mgWorkingExt9ECP"
      }],
      "id": "mgWorkingExt9Network",
      "vimConnectionId": "vim_id",
      "resourceId": "$mgWorkingExt9Net"
    },
    {
      "extCps": [{
        "cpConfig": [{
          "cpProtocolData": [{
            "layerProtocol": "IP_OVER_ETHERNET",
            "ipOverEthernet": {
              "ipAddresses": [{
                "type": "$mgProtectExt9IpType",
                "fixedAddresses": [
                  "$mgProtectExt9Ip"
                ],
                "subnetId": "notUsed"
              }]
            }
          }]
        }],
        "cpdId": "mgProtectExt9ECP"
      }],
      "id": "mgProtectExt9Network",
      "vimConnectionId": "vim_id",
      "resourceId": "$mgProtectExt9Net"
    },
    {
      "extCps": [{
        "cpConfig": [{
          "cpProtocolData": [{
            "layerProtocol": "IP_OVER_ETHERNET",
            "ipOverEthernet": {
              "ipAddresses": [{
                "type": "$mgWorkingExt10IpType",
                "fixedAddresses": [
                  "$mgWorkingExt10Ip"
                ],
                "subnetId": "notUsed"
              }]
            }
          }]
        }],
        "cpdId": "mgWorkingExt10ECP"
      }],
      "id": "mgWorkingExt10Network",
      "vimConnectionId": "vim_id",
      "resourceId": "$mgWorkingExt10Net"
    },
    {
      "extCps": [{
        "cpConfig": [{
          "cpProtocolData": [{
            "layerProtocol": "IP_OVER_ETHERNET",
            "ipOverEthernet": {
              "ipAddresses": [{
                "type": "$mgProtectExt10IpType",
                "fixedAddresses": [
                  "$mgProtectExt10Ip"
                ],
                "subnetId": "notUsed"
              }]
            }
          }]
        }],
        "cpdId": "mgProtectExt10ECP"
      }],
      "id": "mgProtectExt10Network",
      "vimConnectionId": "vim_id",
      "resourceId": "$mgProtectExt10Net"
    },
    {
      "extCps": [{
        "cpConfig": [{
          "cpProtocolData": [{
            "layerProtocol": "IP_OVER_ETHERNET",
            "ipOverEthernet": {
              "ipAddresses": [{
                "type": "$mgWorkingExt11IpType",
                "fixedAddresses": [
                  "$mgWorkingExt11Ip"
                ],
                "subnetId": "notUsed"
              }]
            }
          }]
        }],
        "cpdId": "mgWorkingExt11ECP"
      }],
      "id": "mgWorkingExt11Network",
      "vimConnectionId": "vim_id",
      "resourceId": "$mgWorkingExt11Net"
    },
    {
      "extCps": [{
        "cpConfig": [{
          "cpProtocolData": [{
            "layerProtocol": "IP_OVER_ETHERNET",
            "ipOverEthernet": {
              "ipAddresses": [{
                "type": "$mgProtectExt11IpType",
                "fixedAddresses": [
                  "$mgProtectExt11Ip"
                ],
                "subnetId": "notUsed"
              }]
            }
          }]
        }],
        "cpdId": "mgProtectExt11ECP"
      }],
      "id": "mgProtectExt11Network",
      "vimConnectionId": "vim_id",
      "resourceId": "$mgProtectExt11Net"
    },
    {
      "extCps": [{
        "cpConfig": [{
          "cpProtocolData": [{
            "layerProtocol": "IP_OVER_ETHERNET",
            "ipOverEthernet": {
              "ipAddresses": [{
                "type": "$mgWorkingExt12IpType",
                "fixedAddresses": [
                  "$mgWorkingExt12Ip"
                ],
                "subnetId": "notUsed"
              }]
            }
          }]
        }],
        "cpdId": "mgWorkingExt12ECP"
      }],
      "id": "mgWorkingExt12Network",
      "vimConnectionId": "vim_id",
      "resourceId": "$mgWorkingExt12Net"
    },
    {
      "extCps": [{
        "cpConfig": [{
          "cpProtocolData": [{
            "layerProtocol": "IP_OVER_ETHERNET",
            "ipOverEthernet": {
              "ipAddresses": [{
                "type": "$mgProtectExt12IpType",
                "fixedAddresses": [
                  "$mgProtectExt12Ip"
                ],
                "subnetId": "notUsed"
              }]
            }
          }]
        }],
        "cpdId": "mgProtectExt12ECP"
      }],
      "id": "mgProtectExt12Network",
      "vimConnectionId": "vim_id",
      "resourceId": "$mgProtectExt12Net"
    },
    {
      "extCps": [{
        "cpConfig": [{
          "cpProtocolData": [{
            "layerProtocol": "IP_OVER_ETHERNET",
            "ipOverEthernet": {
              "ipAddresses": [{
                "type": "$mgWorkingExt13IpType",
                "fixedAddresses": [
                  "$mgWorkingExt13Ip"
                ],
                "subnetId": "notUsed"
              }]
            }
          }]
        }],
        "cpdId": "mgWorkingExt13ECP"
      }],
      "id": "mgWorkingExt13Network",
      "vimConnectionId": "vim_id",
      "resourceId": "$mgWorkingExt13Net"
    },
    {
      "extCps": [{
        "cpConfig": [{
          "cpProtocolData": [{
            "layerProtocol": "IP_OVER_ETHERNET",
            "ipOverEthernet": {
              "ipAddresses": [{
                "type": "$mgProtectExt13IpType",
                "fixedAddresses": [
                  "$mgProtectExt13Ip"
                ],
                "subnetId": "notUsed"
              }]
            }
          }]
        }],
        "cpdId": "mgProtectExt13ECP"
      }],
      "id": "mgProtectExt13Network",
      "vimConnectionId": "vim_id",
      "resourceId": "$mgProtectExt13Net"
    },
    {
      "extCps": [{
        "cpConfig": [{
          "cpProtocolData": [{
            "layerProtocol": "IP_OVER_ETHERNET",
            "ipOverEthernet": {
              "ipAddresses": [{
                "type": "$mgWorkingExt14IpType",
                "fixedAddresses": [
                  "$mgWorkingExt14Ip"
                ],
                "subnetId": "notUsed"
              }]
            }
          }]
        }],
        "cpdId": "mgWorkingExt14ECP"
      }],
      "id": "mgWorkingExt14Network",
      "vimConnectionId": "vim_id",
      "resourceId": "$mgWorkingExt14Net"
    },
    {
      "extCps": [{
        "cpConfig": [{
          "cpProtocolData": [{
            "layerProtocol": "IP_OVER_ETHERNET",
            "ipOverEthernet": {
              "ipAddresses": [{
                "type": "$mgProtectExt14IpType",
                "fixedAddresses": [
                  "$mgProtectExt14Ip"
                ],
                "subnetId": "notUsed"
              }]
            }
          }]
        }],
        "cpdId": "mgProtectExt14ECP"
      }],
      "id": "mgProtectExt14Network",
      "vimConnectionId": "vim_id",
      "resourceId": "$mgProtectExt14Net"
    },
    {
      "extCps": [{
        "cpConfig": [{
          "cpProtocolData": [{
            "layerProtocol": "IP_OVER_ETHERNET",
            "ipOverEthernet": {
              "ipAddresses": [{
                "type": "$mgWorkingExt15IpType",
                "fixedAddresses": [
                  "$mgWorkingExt15Ip"
                ],
                "subnetId": "notUsed"
              }]
            }
          }]
        }],
        "cpdId": "mgWorkingExt15ECP"
      }],
      "id": "mgWorkingExt15Network",
      "vimConnectionId": "vim_id",
      "resourceId": "$mgWorkingExt15Net"
    },
    {
      "extCps": [{
        "cpConfig": [{
          "cpProtocolData": [{
            "layerProtocol": "IP_OVER_ETHERNET",
            "ipOverEthernet": {
              "ipAddresses": [{
                "type": "$mgProtectExt15IpType",
                "fixedAddresses": [
                  "$mgProtectExt15Ip"
                ],
                "subnetId": "notUsed"
              }]
            }
          }]
        }],
        "cpdId": "mgProtectExt15ECP"
      }],
      "id": "mgProtectExt15Network",
      "vimConnectionId": "vim_id",
      "resourceId": "$mgProtectExt15Net"
    },
    {
      "extCps": [{
        "cpConfig": [{
          "cpProtocolData": [{
            "layerProtocol": "IP_OVER_ETHERNET",
            "ipOverEthernet": {
              "ipAddresses": [{
                "type": "$mgWorkingExt16IpType",
                "fixedAddresses": [
                  "$mgWorkingExt16Ip"
                ],
                "subnetId": "notUsed"
              }]
            }
          }]
        }],
        "cpdId": "mgWorkingExt16ECP"
      }],
      "id": "mgWorkingExt16Network",
      "vimConnectionId": "vim_id",
      "resourceId": "$mgWorkingExt16Net"
    },
    {
      "extCps": [{
        "cpConfig": [{
          "cpProtocolData": [{
            "layerProtocol": "IP_OVER_ETHERNET",
            "ipOverEthernet": {
              "ipAddresses": [{
                "type": "$mgProtectExt16IpType",
                "fixedAddresses": [
                  "$mgProtectExt16Ip"
                ],
                "subnetId": "notUsed"
              }]
            }
          }]
        }],
        "cpdId": "mgProtectExt16ECP"
      }],
      "id": "mgProtectExt16Network",
      "vimConnectionId": "vim_id",
      "resourceId": "$mgProtectExt16Net"
    },
    {
      "extCps": [{
        "cpConfig": [{
          "cpProtocolData": [{
            "layerProtocol": "IP_OVER_ETHERNET",
            "ipOverEthernet": {
              "ipAddresses": [{
                "type": "$mgWorkingExt17IpType",
                "fixedAddresses": [
                  "$mgWorkingExt17Ip"
                ],
                "subnetId": "notUsed"
              }]
            }
          }]
        }],
        "cpdId": "mgWorkingExt17ECP"
      }],
      "id": "mgWorkingExt17Network",
      "vimConnectionId": "vim_id",
      "resourceId": "$mgWorkingExt17Net"
    },
    {
      "extCps": [{
        "cpConfig": [{
          "cpProtocolData": [{
            "layerProtocol": "IP_OVER_ETHERNET",
            "ipOverEthernet": {
              "ipAddresses": [{
                "type": "$mgProtectExt17IpType",
                "fixedAddresses": [
                  "$mgProtectExt17Ip"
                ],
                "subnetId": "notUsed"
              }]
            }
          }]
        }],
        "cpdId": "mgProtectExt17ECP"
      }],
      "id": "mgProtectExt17Network",
      "vimConnectionId": "vim_id",
      "resourceId": "$mgProtectExt17Net"
    },
    {
      "extCps": [{
        "cpConfig": [{
          "cpProtocolData": [{
            "layerProtocol": "IP_OVER_ETHERNET",
            "ipOverEthernet": {
              "ipAddresses": [{
                "type": "$mgWorkingExt18IpType",
                "fixedAddresses": [
                  "$mgWorkingExt18Ip"
                ],
                "subnetId": "notUsed"
              }]
            }
          }]
        }],
        "cpdId": "mgWorkingExt18ECP"
      }],
      "id": "mgWorkingExt18Network",
      "vimConnectionId": "vim_id",
      "resourceId": "$mgWorkingExt18Net"
    },
    {
      "extCps": [{
        "cpConfig": [{
          "cpProtocolData": [{
            "layerProtocol": "IP_OVER_ETHERNET",
            "ipOverEthernet": {
              "ipAddresses": [{
                "type": "$mgProtectExt18IpType",
                "fixedAddresses": [
                  "$mgProtectExt18Ip"
                ],
                "subnetId": "notUsed"
              }]
            }
          }]
        }],
        "cpdId": "mgProtectExt18ECP"
      }],
      "id": "mgProtectExt18Network",
      "vimConnectionId": "vim_id",
      "resourceId": "$mgProtectExt18Net"
    },
    {
      "extCps": [{
        "cpConfig": [{
          "cpProtocolData": [{
            "layerProtocol": "IP_OVER_ETHERNET",
            "ipOverEthernet": {
              "ipAddresses": [{
                "type": "$activeMgmtIpType",
                "fixedAddresses": [
                  "$activeMgmtIp"
                ],
                "subnetId": "notUsed"
              }, {
                "type": "$standbyMgmtIpType",
                "fixedAddresses": [
                  "$standbyMgmtIp"
                ],
                "subnetId": "notUsed"
              }]
            }
          }]
        }],
        "cpdId": "oamManagementECP"
      }],
      "id": "oamManagementNetwork",
      "vimConnectionId": "vim_id",
      "resourceId": "$managementNet"
    }
  ],
  "computeResourceFlavours": [{
      "vimConnectionId": "vim_id",
      "vimFlavourId": "$OAMVMFlavor",
      "vnfdVirtualComputeDescId": "oamCompute"
    },
    {
      "vimConnectionId": "vim_id",
      "vimFlavourId": "$MGVMFlavor",
      "vnfdVirtualComputeDescId": "mgCompute"
    },
    {
      "vimConnectionId": "vim_id",
      "vimFlavourId": "$LBVMFlavor",
      "vnfdVirtualComputeDescId": "loadBalancerCompute"
    }
  ],
  "softwareImages": [{
    "vimConnectionId": "vim_id",
    "vnfdSoftwareImageId": "cmgImage",
    "vimSoftwareImageId": "$ImageUUID"
  }],
  "zones": [{
      "id": "workingZones",
      "zoneId": "$Zone1",
      "vimConnectionId": "vim_id"
    },
    {
      "id": "protectZones",
      "zoneId": "$Zone2",
      "vimConnectionId": "vim_id"
    }
  ],
  "extensions": {
    "systemIpAddr": "$SytemIp",
    "staticRoute": "static-route=0.0.0.0/0@6.6.6.1",
    "primaryConfigFile": "ftp://*:*@6.6.6.1/regressbed/images/dut-a.cfg",
    "licenseFile": "ftp://*:*@6.6.6.1/regressbed/images/vmLICENSE/timos.vsr-all.txt",
    "securityGroup": "srGrp",
    "oamManagementNetmask": "24",
    "dataSwitchFabric1Vlan": "100",
    "dataSwitchFabric2Vlan": "200",
    "oamCompactFlash1Size": "2",
    "oamCompactFlash2Size": "2",
    "externalIpAddressList": "0.0.0.0/0",
    "csfFailureDetectionTimer": "100",
    "hyperThreadingSupportValue": "0",
    "controlPlaneCores": "4",
    "compactFp": "0",
    "multipleNicTasks": "0",
    "snmpCommunity": "private",
    "vnfHostname": "CloudMG",
    "mtu": "9000",
    "l3Connectivity": "0",
    "controlSwitchFabricCidr": "1.0.1.0/24",
    "controlSwitchFabricGatewayIp": "1.0.1.1",
    "dataSwitchFabric1Cidr": "1.0.3.0/24",
    "dataSwitchFabric2Cidr": "1.0.4.0/24",
    "scaleConfig": true,
    "oamUsername": "admin",
    "oamPassword": "admin",
    "oamActiveVirtualIp": "15.227.17.40",
    "oamStandbyVirtualIp": "15.227.17.41",
    "dataSwitchFabric1SubnetId": "dataSwitchFabric1Subnet",
    "dataSwitchFabric2SubnetId": "dataSwitchFabric2Subnet",
    "mgLbManagementCidr": "1.0.2.0/24",
    "mgLbManagementGatewayIp": "1.0.2.1",
    "vf2vf": "0",
    "suspendTimer": "10",
    "sessionDeletionRate": "2048",
    "gracefulScaleIn": false,
    "hybridMode": false
  }
}
