{
  "apiVersion": "4.0",
  "vimConnectionInfo": [{
    "accessInfo": {
      "username": "CMG1UPF",
      "password": "changeme",
      "region": "regionOne",
      "tenant": "VIL-CMG1UPF",
      "project": "VIL-CMG1UPF",
      "userDomain": "Default",
      "projectDomain": "Default"
    },
    "id": "vim_id",
    "interfaceInfo": {
      "endpoint": "https://10.95.32.205:13000/v2.0"
    },
    "vimType": "OPENSTACK_V3"
  }],
  "flavourId": "scalable",
  "instantiationLevelId": "minimum",
  "extManagedVirtualLinks": [{
      "id": "dataSwitchFabric1Network",
      "vimConnectionId": "vim_id",
      "resourceId": "CMG1DFab1NetUPF",
      "virtualLinkDescId": "dataSwitchFabric1VL"
    },
    {
      "id": "dataSwitchFabric2Network",
      "vimConnectionId": "vim_id",
      "resourceId": "CMG1DFab2NetUPF",
      "virtualLinkDescId": "dataSwitchFabric2VL"
    }
  ],
  "extVirtualLinks": [{
      "extCps": [{
        "cpConfig": [{
          "cpProtocolData": [{
            "layerProtocol": "IP_OVER_ETHERNET",
            "ipOverEthernet": {
              "ipAddresses": [{
                "type": "IPV4",
                "fixedAddresses": [
                  "100.68.0.10"
                ],
                "subnetId": "notUsed"
              }]
            }
          }]
        }],
        "cpdId": "loadBalancerExt1ECP"
      }],
      "id": "loadBalancerExt1Network",
      "vimConnectionId": "vim_id",
      "resourceId": "CMG_Ext_net_flat_physnet5"
    },
    {
      "extCps": [{
        "cpConfig": [{
          "cpProtocolData": [{
            "layerProtocol": "IP_OVER_ETHERNET",
            "ipOverEthernet": {
              "ipAddresses": [{
                "type": "IPV4",
                "fixedAddresses": [
                  "100.69.0.10"
                ],
                "subnetId": "notUsed"
              }]
            }
          }]
        }],
        "cpdId": "loadBalancerExt2ECP"
      }],
      "id": "loadBalancerExt2Network",
      "vimConnectionId": "vim_id",
      "resourceId": "CMG_Ext_net_flat_physnet6"
    },
    {
      "extCps": [{
        "cpConfig": [{
          "cpProtocolData": [{
            "layerProtocol": "IP_OVER_ETHERNET",
            "ipOverEthernet": {
              "ipAddresses": [{
                "type": "IPV4",
                "fixedAddresses": [
                  "100.68.0.11"
                ],
                "subnetId": "notUsed"
              }]
            }
          }]
        }],
        "cpdId": "loadBalancerExt3ECP"
      }],
      "id": "loadBalancerExt3Network",
      "vimConnectionId": "vim_id",
      "resourceId": "CMG_Ext_net_flat_physnet5"
    },
    {
      "extCps": [{
        "cpConfig": [{
          "cpProtocolData": [{
            "layerProtocol": "IP_OVER_ETHERNET",
            "ipOverEthernet": {
              "ipAddresses": [{
                "type": "IPV4",
                "fixedAddresses": [
                  "100.69.0.11"
                ],
                "subnetId": "notUsed"
              }]
            }
          }]
        }],
        "cpdId": "loadBalancerExt4ECP"
      }],
      "id": "loadBalancerExt4Network",
      "vimConnectionId": "vim_id",
      "resourceId": "CMG_Ext_net_flat_physnet6"
    },
    {
      "extCps": [{
        "cpConfig": [{
          "cpProtocolData": [{
            "layerProtocol": "IP_OVER_ETHERNET",
            "ipOverEthernet": {
              "ipAddresses": [{
                "type": "IPV4",
                "fixedAddresses": [
                  "100.68.0.12"
                ],
                "subnetId": "notUsed"
              }]
            }
          }]
        }],
        "cpdId": "loadBalancerExt5ECP"
      }],
      "id": "loadBalancerExt5Network",
      "vimConnectionId": "vim_id",
      "resourceId": "CMG_Ext_net_flat_physnet5"
    },
    {
      "extCps": [{
        "cpConfig": [{
          "cpProtocolData": [{
            "layerProtocol": "IP_OVER_ETHERNET",
            "ipOverEthernet": {
              "ipAddresses": [{
                "type": "IPV4",
                "fixedAddresses": [
                  "100.69.0.12"
                ],
                "subnetId": "notUsed"
              }]
            }
          }]
        }],
        "cpdId": "loadBalancerExt6ECP"
      }],
      "id": "loadBalancerExt6Network",
      "vimConnectionId": "vim_id",
      "resourceId": "CMG_Ext_net_flat_physnet6"
    },
    {
      "extCps": [{
        "cpConfig": [{
          "cpProtocolData": [{
            "layerProtocol": "IP_OVER_ETHERNET",
            "ipOverEthernet": {
              "ipAddresses": [{
                "type": "IPV4",
                "fixedAddresses": [
                  "100.68.0.13"
                ],
                "subnetId": "notUsed"
              }]
            }
          }]
        }],
        "cpdId": "loadBalancerExt7ECP"
      }],
      "id": "loadBalancerExt7Network",
      "vimConnectionId": "vim_id",
      "resourceId": "CMG_Ext_net_flat_physnet5"
    },
    {
      "extCps": [{
        "cpConfig": [{
          "cpProtocolData": [{
            "layerProtocol": "IP_OVER_ETHERNET",
            "ipOverEthernet": {
              "ipAddresses": [{
                "type": "IPV4",
                "fixedAddresses": [
                  "100.69.0.13"
                ],
                "subnetId": "notUsed"
              }]
            }
          }]
        }],
        "cpdId": "loadBalancerExt8ECP"
      }],
      "id": "loadBalancerExt8Network",
      "vimConnectionId": "vim_id",
      "resourceId": "CMG_Ext_net_flat_physnet6"
    },
    {
      "extCps": [{
        "cpConfig": [{
          "cpProtocolData": [{
            "layerProtocol": "IP_OVER_ETHERNET",
            "ipOverEthernet": {
              "ipAddresses": [{
                "type": "IPV4",
                "fixedAddresses": [
                  "100.68.0.14"
                ],
                "subnetId": "notUsed"
              }]
            }
          }]
        }],
        "cpdId": "loadBalancerExt9ECP"
      }],
      "id": "loadBalancerExt9Network",
      "vimConnectionId": "vim_id",
      "resourceId": "CMG_Ext_net_flat_physnet5"
    },
    {
      "extCps": [{
        "cpConfig": [{
          "cpProtocolData": [{
            "layerProtocol": "IP_OVER_ETHERNET",
            "ipOverEthernet": {
              "ipAddresses": [{
                "type": "IPV4",
                "fixedAddresses": [
                  "100.69.0.14"
                ],
                "subnetId": "notUsed"
              }]
            }
          }]
        }],
        "cpdId": "loadBalancerExt10ECP"
      }],
      "id": "loadBalancerExt10Network",
      "vimConnectionId": "vim_id",
      "resourceId": "CMG_Ext_net_flat_physnet6"
    },
    {
      "extCps": [{
        "cpConfig": [{
          "cpProtocolData": [{
            "layerProtocol": "IP_OVER_ETHERNET",
            "ipOverEthernet": {
              "ipAddresses": [{
                "type": "IPV4",
                "fixedAddresses": [
                  "100.68.0.15"
                ],
                "subnetId": "notUsed"
              }]
            }
          }]
        }],
        "cpdId": "loadBalancerExt11ECP"
      }],
      "id": "loadBalancerExt11Network",
      "vimConnectionId": "vim_id",
      "resourceId": "CMG_Ext_net_flat_physnet5"
    },
    {
      "extCps": [{
        "cpConfig": [{
          "cpProtocolData": [{
            "layerProtocol": "IP_OVER_ETHERNET",
            "ipOverEthernet": {
              "ipAddresses": [{
                "type": "IPV4",
                "fixedAddresses": [
                  "100.69.0.15"
                ],
                "subnetId": "notUsed"
              }]
            }
          }]
        }],
        "cpdId": "loadBalancerExt12ECP"
      }],
      "id": "loadBalancerExt12Network",
      "vimConnectionId": "vim_id",
      "resourceId": "CMG_Ext_net_flat_physnet6"
    },
    {
      "extCps": [{
        "cpConfig": [{
          "cpProtocolData": [{
            "layerProtocol": "IP_OVER_ETHERNET",
            "ipOverEthernet": {
              "ipAddresses": [{
                "type": "IPV4",
                "fixedAddresses": [
                  "100.68.0.16"
                ],
                "subnetId": "notUsed"
              }]
            }
          }]
        }],
        "cpdId": "loadBalancerExt13ECP"
      }],
      "id": "loadBalancerExt13Network",
      "vimConnectionId": "vim_id",
      "resourceId": "CMG_Ext_net_flat_physnet5"
    },
    {
      "extCps": [{
        "cpConfig": [{
          "cpProtocolData": [{
            "layerProtocol": "IP_OVER_ETHERNET",
            "ipOverEthernet": {
              "ipAddresses": [{
                "type": "IPV4",
                "fixedAddresses": [
                  "100.69.0.16"
                ],
                "subnetId": "notUsed"
              }]
            }
          }]
        }],
        "cpdId": "loadBalancerExt14ECP"
      }],
      "id": "loadBalancerExt14Network",
      "vimConnectionId": "vim_id",
      "resourceId": "CMG_Ext_net_flat_physnet6"
    },
    {
      "extCps": [{
        "cpConfig": [{
          "cpProtocolData": [{
            "layerProtocol": "IP_OVER_ETHERNET",
            "ipOverEthernet": {
              "ipAddresses": [{
                "type": "IPV4",
                "fixedAddresses": [
                  "100.68.0.17"
                ],
                "subnetId": "notUsed"
              }]
            }
          }]
        }],
        "cpdId": "loadBalancerExt15ECP"
      }],
      "id": "loadBalancerExt15Network",
      "vimConnectionId": "vim_id",
      "resourceId": "CMG_Ext_net_flat_physnet5"
    },
    {
      "extCps": [{
        "cpConfig": [{
          "cpProtocolData": [{
            "layerProtocol": "IP_OVER_ETHERNET",
            "ipOverEthernet": {
              "ipAddresses": [{
                "type": "IPV4",
                "fixedAddresses": [
                  "100.69.0.17"
                ],
                "subnetId": "notUsed"
              }]
            }
          }]
        }],
        "cpdId": "loadBalancerExt16ECP"
      }],
      "id": "loadBalancerExt16Network",
      "vimConnectionId": "vim_id",
      "resourceId": "CMG_Ext_net_flat_physnet6"
    },
    {
      "extCps": [{
        "cpConfig": [{
          "cpProtocolData": [{
            "layerProtocol": "IP_OVER_ETHERNET",
            "ipOverEthernet": {
              "ipAddresses": [{
                "type": "IPV4",
                "fixedAddresses": [
                  "100.68.0.18"
                ],
                "subnetId": "notUsed"
              }]
            }
          }]
        }],
        "cpdId": "mgWorkingExt1ECP"
      }],
      "id": "mgWorkingExt1Network",
      "vimConnectionId": "vim_id",
      "resourceId": "CMG_Ext_net_flat_physnet5"
    },
    {
      "extCps": [{
        "cpConfig": [{
          "cpProtocolData": [{
            "layerProtocol": "IP_OVER_ETHERNET",
            "ipOverEthernet": {
              "ipAddresses": [{
                "type": "IPV4",
                "fixedAddresses": [
                  "100.68.0.19"
                ],
                "subnetId": "notUsed"
              }]
            }
          }]
        }],
        "cpdId": "mgProtectExt1ECP"
      }],
      "id": "mgProtectExt1Network",
      "vimConnectionId": "vim_id",
      "resourceId": "CMG_Ext_net_flat_physnet5"
    },
    {
      "extCps": [{
        "cpConfig": [{
          "cpProtocolData": [{
            "layerProtocol": "IP_OVER_ETHERNET",
            "ipOverEthernet": {
              "ipAddresses": [{
                "type": "IPV4",
                "fixedAddresses": [
                  "100.69.0.18"
                ],
                "subnetId": "notUsed"
              }]
            }
          }]
        }],
        "cpdId": "mgWorkingExt2ECP"
      }],
      "id": "mgWorkingExt2Network",
      "vimConnectionId": "vim_id",
      "resourceId": "CMG_Ext_net_flat_physnet6"
    },
    {
      "extCps": [{
        "cpConfig": [{
          "cpProtocolData": [{
            "layerProtocol": "IP_OVER_ETHERNET",
            "ipOverEthernet": {
              "ipAddresses": [{
                "type": "IPV4",
                "fixedAddresses": [
                  "100.69.0.19"
                ],
                "subnetId": "notUsed"
              }]
            }
          }]
        }],
        "cpdId": "mgProtectExt2ECP"
      }],
      "id": "mgProtectExt2Network",
      "vimConnectionId": "vim_id",
      "resourceId": "CMG_Ext_net_flat_physnet6"
    },
    {
      "extCps": [{
        "cpConfig": [{
          "cpProtocolData": [{
            "layerProtocol": "IP_OVER_ETHERNET",
            "ipOverEthernet": {
              "ipAddresses": [{
                "type": "IPV4",
                "fixedAddresses": [
                  "100.68.0.20"
                ],
                "subnetId": "notUsed"
              }]
            }
          }]
        }],
        "cpdId": "mgWorkingExt3ECP"
      }],
      "id": "mgWorkingExt3Network",
      "vimConnectionId": "vim_id",
      "resourceId": "CMG_Ext_net_flat_physnet5"
    },
    {
      "extCps": [{
        "cpConfig": [{
          "cpProtocolData": [{
            "layerProtocol": "IP_OVER_ETHERNET",
            "ipOverEthernet": {
              "ipAddresses": [{
                "type": "IPV4",
                "fixedAddresses": [
                  "100.68.0.21"
                ],
                "subnetId": "notUsed"
              }]
            }
          }]
        }],
        "cpdId": "mgProtectExt3ECP"
      }],
      "id": "mgProtectExt3Network",
      "vimConnectionId": "vim_id",
      "resourceId": "CMG_Ext_net_flat_physnet5"
    },
    {
      "extCps": [{
        "cpConfig": [{
          "cpProtocolData": [{
            "layerProtocol": "IP_OVER_ETHERNET",
            "ipOverEthernet": {
              "ipAddresses": [{
                "type": "IPV4",
                "fixedAddresses": [
                  "100.69.0.20"
                ],
                "subnetId": "notUsed"
              }]
            }
          }]
        }],
        "cpdId": "mgWorkingExt4ECP"
      }],
      "id": "mgWorkingExt4Network",
      "vimConnectionId": "vim_id",
      "resourceId": "CMG_Ext_net_flat_physnet6"
    },
    {
      "extCps": [{
        "cpConfig": [{
          "cpProtocolData": [{
            "layerProtocol": "IP_OVER_ETHERNET",
            "ipOverEthernet": {
              "ipAddresses": [{
                "type": "IPV4",
                "fixedAddresses": [
                  "100.69.0.21"
                ],
                "subnetId": "notUsed"
              }]
            }
          }]
        }],
        "cpdId": "mgProtectExt4ECP"
      }],
      "id": "mgProtectExt4Network",
      "vimConnectionId": "vim_id",
      "resourceId": "CMG_Ext_net_flat_physnet6"
    },
    {
      "extCps": [{
        "cpConfig": [{
          "cpProtocolData": [{
            "layerProtocol": "IP_OVER_ETHERNET",
            "ipOverEthernet": {
              "ipAddresses": [{
                "type": "IPV4",
                "fixedAddresses": [
                  "100.68.0.22"
                ],
                "subnetId": "notUsed"
              }]
            }
          }]
        }],
        "cpdId": "mgWorkingExt5ECP"
      }],
      "id": "mgWorkingExt5Network",
      "vimConnectionId": "vim_id",
      "resourceId": "CMG_Ext_net_flat_physnet5"
    },
    {
      "extCps": [{
        "cpConfig": [{
          "cpProtocolData": [{
            "layerProtocol": "IP_OVER_ETHERNET",
            "ipOverEthernet": {
              "ipAddresses": [{
                "type": "IPV4",
                "fixedAddresses": [
                  "100.68.0.23"
                ],
                "subnetId": "notUsed"
              }]
            }
          }]
        }],
        "cpdId": "mgProtectExt5ECP"
      }],
      "id": "mgProtectExt5Network",
      "vimConnectionId": "vim_id",
      "resourceId": "CMG_Ext_net_flat_physnet5"
    },
    {
      "extCps": [{
        "cpConfig": [{
          "cpProtocolData": [{
            "layerProtocol": "IP_OVER_ETHERNET",
            "ipOverEthernet": {
              "ipAddresses": [{
                "type": "IPV4",
                "fixedAddresses": [
                  "100.69.0.22"
                ],
                "subnetId": "notUsed"
              }]
            }
          }]
        }],
        "cpdId": "mgWorkingExt6ECP"
      }],
      "id": "mgWorkingExt6Network",
      "vimConnectionId": "vim_id",
      "resourceId": "CMG_Ext_net_flat_physnet6"
    },
    {
      "extCps": [{
        "cpConfig": [{
          "cpProtocolData": [{
            "layerProtocol": "IP_OVER_ETHERNET",
            "ipOverEthernet": {
              "ipAddresses": [{
                "type": "IPV4",
                "fixedAddresses": [
                  "100.69.0.23"
                ],
                "subnetId": "notUsed"
              }]
            }
          }]
        }],
        "cpdId": "mgProtectExt6ECP"
      }],
      "id": "mgProtectExt6Network",
      "vimConnectionId": "vim_id",
      "resourceId": "CMG_Ext_net_flat_physnet6"
    },
    {
      "extCps": [{
        "cpConfig": [{
          "cpProtocolData": [{
            "layerProtocol": "IP_OVER_ETHERNET",
            "ipOverEthernet": {
              "ipAddresses": [{
                "type": "IPV4",
                "fixedAddresses": [
                  "100.68.0.24"
                ],
                "subnetId": "notUsed"
              }]
            }
          }]
        }],
        "cpdId": "mgWorkingExt7ECP"
      }],
      "id": "mgWorkingExt7Network",
      "vimConnectionId": "vim_id",
      "resourceId": "CMG_Ext_net_flat_physnet5"
    },
    {
      "extCps": [{
        "cpConfig": [{
          "cpProtocolData": [{
            "layerProtocol": "IP_OVER_ETHERNET",
            "ipOverEthernet": {
              "ipAddresses": [{
                "type": "IPV4",
                "fixedAddresses": [
                  "100.68.0.25"
                ],
                "subnetId": "notUsed"
              }]
            }
          }]
        }],
        "cpdId": "mgProtectExt7ECP"
      }],
      "id": "mgProtectExt7Network",
      "vimConnectionId": "vim_id",
      "resourceId": "CMG_Ext_net_flat_physnet5"
    },
    {
      "extCps": [{
        "cpConfig": [{
          "cpProtocolData": [{
            "layerProtocol": "IP_OVER_ETHERNET",
            "ipOverEthernet": {
              "ipAddresses": [{
                "type": "IPV4",
                "fixedAddresses": [
                  "100.69.0.24"
                ],
                "subnetId": "notUsed"
              }]
            }
          }]
        }],
        "cpdId": "mgWorkingExt8ECP"
      }],
      "id": "mgWorkingExt8Network",
      "vimConnectionId": "vim_id",
      "resourceId": "CMG_Ext_net_flat_physnet6"
    },
    {
      "extCps": [{
        "cpConfig": [{
          "cpProtocolData": [{
            "layerProtocol": "IP_OVER_ETHERNET",
            "ipOverEthernet": {
              "ipAddresses": [{
                "type": "IPV4",
                "fixedAddresses": [
                  "100.69.0.25"
                ],
                "subnetId": "notUsed"
              }]
            }
          }]
        }],
        "cpdId": "mgProtectExt8ECP"
      }],
      "id": "mgProtectExt8Network",
      "vimConnectionId": "vim_id",
      "resourceId": "CMG_Ext_net_flat_physnet6"
    },
    {
      "extCps": [{
        "cpConfig": [{
          "cpProtocolData": [{
            "layerProtocol": "IP_OVER_ETHERNET",
            "ipOverEthernet": {
              "ipAddresses": [{
                "type": "IPV4",
                "fixedAddresses": [
                  "100.68.0.26"
                ],
                "subnetId": "notUsed"
              }]
            }
          }]
        }],
        "cpdId": "mgWorkingExt9ECP"
      }],
      "id": "mgWorkingExt9Network",
      "vimConnectionId": "vim_id",
      "resourceId": "CMG_Ext_net_flat_physnet5"
    },
    {
      "extCps": [{
        "cpConfig": [{
          "cpProtocolData": [{
            "layerProtocol": "IP_OVER_ETHERNET",
            "ipOverEthernet": {
              "ipAddresses": [{
                "type": "IPV4",
                "fixedAddresses": [
                  "100.68.0.27"
                ],
                "subnetId": "notUsed"
              }]
            }
          }]
        }],
        "cpdId": "mgProtectExt9ECP"
      }],
      "id": "mgProtectExt9Network",
      "vimConnectionId": "vim_id",
      "resourceId": "CMG_Ext_net_flat_physnet5"
    },
    {
      "extCps": [{
        "cpConfig": [{
          "cpProtocolData": [{
            "layerProtocol": "IP_OVER_ETHERNET",
            "ipOverEthernet": {
              "ipAddresses": [{
                "type": "IPV4",
                "fixedAddresses": [
                  "100.69.0.26"
                ],
                "subnetId": "notUsed"
              }]
            }
          }]
        }],
        "cpdId": "mgWorkingExt10ECP"
      }],
      "id": "mgWorkingExt10Network",
      "vimConnectionId": "vim_id",
      "resourceId": "CMG_Ext_net_flat_physnet6"
    },
    {
      "extCps": [{
        "cpConfig": [{
          "cpProtocolData": [{
            "layerProtocol": "IP_OVER_ETHERNET",
            "ipOverEthernet": {
              "ipAddresses": [{
                "type": "IPV4",
                "fixedAddresses": [
                  "100.69.0.27"
                ],
                "subnetId": "notUsed"
              }]
            }
          }]
        }],
        "cpdId": "mgProtectExt10ECP"
      }],
      "id": "mgProtectExt10Network",
      "vimConnectionId": "vim_id",
      "resourceId": "CMG_Ext_net_flat_physnet6"
    },
    {
      "extCps": [{
        "cpConfig": [{
          "cpProtocolData": [{
            "layerProtocol": "IP_OVER_ETHERNET",
            "ipOverEthernet": {
              "ipAddresses": [{
                "type": "IPV4",
                "fixedAddresses": [
                  "100.68.0.28"
                ],
                "subnetId": "notUsed"
              }]
            }
          }]
        }],
        "cpdId": "mgWorkingExt11ECP"
      }],
      "id": "mgWorkingExt11Network",
      "vimConnectionId": "vim_id",
      "resourceId": "CMG_Ext_net_flat_physnet5"
    },
    {
      "extCps": [{
        "cpConfig": [{
          "cpProtocolData": [{
            "layerProtocol": "IP_OVER_ETHERNET",
            "ipOverEthernet": {
              "ipAddresses": [{
                "type": "IPV4",
                "fixedAddresses": [
                  "100.68.0.29"
                ],
                "subnetId": "notUsed"
              }]
            }
          }]
        }],
        "cpdId": "mgProtectExt11ECP"
      }],
      "id": "mgProtectExt11Network",
      "vimConnectionId": "vim_id",
      "resourceId": "CMG_Ext_net_flat_physnet5"
    },
    {
      "extCps": [{
        "cpConfig": [{
          "cpProtocolData": [{
            "layerProtocol": "IP_OVER_ETHERNET",
            "ipOverEthernet": {
              "ipAddresses": [{
                "type": "IPV4",
                "fixedAddresses": [
                  "100.69.0.28"
                ],
                "subnetId": "notUsed"
              }]
            }
          }]
        }],
        "cpdId": "mgWorkingExt12ECP"
      }],
      "id": "mgWorkingExt12Network",
      "vimConnectionId": "vim_id",
      "resourceId": "CMG_Ext_net_flat_physnet6"
    },
    {
      "extCps": [{
        "cpConfig": [{
          "cpProtocolData": [{
            "layerProtocol": "IP_OVER_ETHERNET",
            "ipOverEthernet": {
              "ipAddresses": [{
                "type": "IPV4",
                "fixedAddresses": [
                  "100.69.0.29"
                ],
                "subnetId": "notUsed"
              }]
            }
          }]
        }],
        "cpdId": "mgProtectExt12ECP"
      }],
      "id": "mgProtectExt12Network",
      "vimConnectionId": "vim_id",
      "resourceId": "CMG_Ext_net_flat_physnet6"
    },
    {
      "extCps": [{
        "cpConfig": [{
          "cpProtocolData": [{
            "layerProtocol": "IP_OVER_ETHERNET",
            "ipOverEthernet": {
              "ipAddresses": [{
                "type": "IPV4",
                "fixedAddresses": [
                  "100.68.0.30"
                ],
                "subnetId": "notUsed"
              }]
            }
          }]
        }],
        "cpdId": "mgWorkingExt13ECP"
      }],
      "id": "mgWorkingExt13Network",
      "vimConnectionId": "vim_id",
      "resourceId": "CMG_Ext_net_flat_physnet5"
    },
    {
      "extCps": [{
        "cpConfig": [{
          "cpProtocolData": [{
            "layerProtocol": "IP_OVER_ETHERNET",
            "ipOverEthernet": {
              "ipAddresses": [{
                "type": "IPV4",
                "fixedAddresses": [
                  "100.68.0.31"
                ],
                "subnetId": "notUsed"
              }]
            }
          }]
        }],
        "cpdId": "mgProtectExt13ECP"
      }],
      "id": "mgProtectExt13Network",
      "vimConnectionId": "vim_id",
      "resourceId": "CMG_Ext_net_flat_physnet5"
    },
    {
      "extCps": [{
        "cpConfig": [{
          "cpProtocolData": [{
            "layerProtocol": "IP_OVER_ETHERNET",
            "ipOverEthernet": {
              "ipAddresses": [{
                "type": "IPV4",
                "fixedAddresses": [
                  "100.69.0.30"
                ],
                "subnetId": "notUsed"
              }]
            }
          }]
        }],
        "cpdId": "mgWorkingExt14ECP"
      }],
      "id": "mgWorkingExt14Network",
      "vimConnectionId": "vim_id",
      "resourceId": "CMG_Ext_net_flat_physnet6"
    },
    {
      "extCps": [{
        "cpConfig": [{
          "cpProtocolData": [{
            "layerProtocol": "IP_OVER_ETHERNET",
            "ipOverEthernet": {
              "ipAddresses": [{
                "type": "IPV4",
                "fixedAddresses": [
                  "100.69.0.31"
                ],
                "subnetId": "notUsed"
              }]
            }
          }]
        }],
        "cpdId": "mgProtectExt14ECP"
      }],
      "id": "mgProtectExt14Network",
      "vimConnectionId": "vim_id",
      "resourceId": "CMG_Ext_net_flat_physnet6"
    },
    {
      "extCps": [{
        "cpConfig": [{
          "cpProtocolData": [{
            "layerProtocol": "IP_OVER_ETHERNET",
            "ipOverEthernet": {
              "ipAddresses": [{
                "type": "IPV4",
                "fixedAddresses": [
                  "100.68.0.32"
                ],
                "subnetId": "notUsed"
              }]
            }
          }]
        }],
        "cpdId": "mgWorkingExt15ECP"
      }],
      "id": "mgWorkingExt15Network",
      "vimConnectionId": "vim_id",
      "resourceId": "CMG_Ext_net_flat_physnet5"
    },
    {
      "extCps": [{
        "cpConfig": [{
          "cpProtocolData": [{
            "layerProtocol": "IP_OVER_ETHERNET",
            "ipOverEthernet": {
              "ipAddresses": [{
                "type": "IPV4",
                "fixedAddresses": [
                  "100.68.0.33"
                ],
                "subnetId": "notUsed"
              }]
            }
          }]
        }],
        "cpdId": "mgProtectExt15ECP"
      }],
      "id": "mgProtectExt15Network",
      "vimConnectionId": "vim_id",
      "resourceId": "CMG_Ext_net_flat_physnet5"
    },
    {
      "extCps": [{
        "cpConfig": [{
          "cpProtocolData": [{
            "layerProtocol": "IP_OVER_ETHERNET",
            "ipOverEthernet": {
              "ipAddresses": [{
                "type": "IPV4",
                "fixedAddresses": [
                  "100.69.0.32"
                ],
                "subnetId": "notUsed"
              }]
            }
          }]
        }],
        "cpdId": "mgWorkingExt16ECP"
      }],
      "id": "mgWorkingExt16Network",
      "vimConnectionId": "vim_id",
      "resourceId": "CMG_Ext_net_flat_physnet6"
    },
    {
      "extCps": [{
        "cpConfig": [{
          "cpProtocolData": [{
            "layerProtocol": "IP_OVER_ETHERNET",
            "ipOverEthernet": {
              "ipAddresses": [{
                "type": "IPV4",
                "fixedAddresses": [
                  "100.69.0.33"
                ],
                "subnetId": "notUsed"
              }]
            }
          }]
        }],
        "cpdId": "mgProtectExt16ECP"
      }],
      "id": "mgProtectExt16Network",
      "vimConnectionId": "vim_id",
      "resourceId": "CMG_Ext_net_flat_physnet6"
    },
    {
      "extCps": [{
        "cpConfig": [{
          "cpProtocolData": [{
            "layerProtocol": "IP_OVER_ETHERNET",
            "ipOverEthernet": {
              "ipAddresses": [{
                "type": "IPV4",
                "fixedAddresses": [
                  "100.68.0.34"
                ],
                "subnetId": "notUsed"
              }]
            }
          }]
        }],
        "cpdId": "mgWorkingExt17ECP"
      }],
      "id": "mgWorkingExt17Network",
      "vimConnectionId": "vim_id",
      "resourceId": "CMG_Ext_net_flat_physnet5"
    },
    {
      "extCps": [{
        "cpConfig": [{
          "cpProtocolData": [{
            "layerProtocol": "IP_OVER_ETHERNET",
            "ipOverEthernet": {
              "ipAddresses": [{
                "type": "IPV4",
                "fixedAddresses": [
                  "100.68.0.35"
                ],
                "subnetId": "notUsed"
              }]
            }
          }]
        }],
        "cpdId": "mgProtectExt17ECP"
      }],
      "id": "mgProtectExt17Network",
      "vimConnectionId": "vim_id",
      "resourceId": "CMG_Ext_net_flat_physnet5"
    },
    {
      "extCps": [{
        "cpConfig": [{
          "cpProtocolData": [{
            "layerProtocol": "IP_OVER_ETHERNET",
            "ipOverEthernet": {
              "ipAddresses": [{
                "type": "IPV4",
                "fixedAddresses": [
                  "100.69.0.34"
                ],
                "subnetId": "notUsed"
              }]
            }
          }]
        }],
        "cpdId": "mgWorkingExt18ECP"
      }],
      "id": "mgWorkingExt18Network",
      "vimConnectionId": "vim_id",
      "resourceId": "CMG_Ext_net_flat_physnet6"
    },
    {
      "extCps": [{
        "cpConfig": [{
          "cpProtocolData": [{
            "layerProtocol": "IP_OVER_ETHERNET",
            "ipOverEthernet": {
              "ipAddresses": [{
                "type": "IPV4",
                "fixedAddresses": [
                  "100.69.0.35"
                ],
                "subnetId": "notUsed"
              }]
            }
          }]
        }],
        "cpdId": "mgProtectExt18ECP"
      }],
      "id": "mgProtectExt18Network",
      "vimConnectionId": "vim_id",
      "resourceId": "CMG_Ext_net_flat_physnet6"
    },
    {
      "extCps": [{
        "cpConfig": [{
          "cpProtocolData": [{
            "layerProtocol": "IP_OVER_ETHERNET",
            "ipOverEthernet": {
              "ipAddresses": [{
                "type": "IPV4",
                "fixedAddresses": [
                  "10.95.32.145"
                ],
                "subnetId": "CMG1OAMSECSubNet_BOF_UPF"
              }, {
                "type": "IPV4",
                "fixedAddresses": [
                  "10.95.32.146"
                ],
                "subnetId": "CMG1OAMSECSubNet_BOF_UPF"
              }]
            }
          }]
        }],
        "cpdId": "oamManagementECP"
      }],
      "id": "oamManagementNetwork",
      "vimConnectionId": "vim_id",
      "resourceId": "CMG1OAMSECNet_BOF_UPF"
    }
  ],
  "grantlessMode": true,
  "computeResourceFlavours": [{
      "vimConnectionId": "vim_id",
      "vimFlavourId": "Flavor-CMG1-OAM-UPF",
      "vnfdVirtualComputeDescId": "oamCompute"
    },
    {
      "vimConnectionId": "vim_id",
      "vimFlavourId": "Flavor-CMG1-MG-UPF",
      "vnfdVirtualComputeDescId": "mgCompute"
    },
    {
      "vimConnectionId": "vim_id",
      "vimFlavourId": "Flavor-CMG1-LB-UPF",
      "vnfdVirtualComputeDescId": "loadBalancerCompute"
    }
  ],
  "softwareImages": [{
    "vimConnectionId": "vim_id",
    "vnfdSoftwareImageId": "cmgImage",
    "vimSoftwareImageId": "3e98f55a-be16-434f-930f-290ccf33926e"
  }],
  "zones": [{
      "id": "workingZones",
      "zoneId": "Performance-3",
      "vimConnectionId": "vim_id"
    },
    {
      "id": "protectZones",
      "zoneId": "Performance-4",
      "vimConnectionId": "vim_id"
    }
  ]
}
