{
  "apiVersion": "4.0",
  "metadata": {
    "ipPoolConfiguration": false
  },
  "extensions": {
    "systemIpAddr": "$SytemIp",
    "staticRoute": "static-route=0.0.0.0/0@6.6.6.1",
    "primaryConfigFile": "ftp://*:*@6.6.6.1/regressbed/images/dut-a.cfg",
    "licenseFile": "ftp://*:*@6.6.6.1/regressbed/images/vmLICENSE/timos.vsr-all.txt",
    "securityGroup": "srGrp",
    "oamManagementNetmask": "24",
    "dataSwitchFabric1Vlan": "100",
    "dataSwitchFabric2Vlan": "200",
    "oamCompactFlash1Size": "2",
    "oamCompactFlash2Size": "2",
    "externalIpAddressList": "0.0.0.0/0",
    "csfFailureDetectionTimer": "100",
    "hyperThreadingSupportValue": "0",
    "controlPlaneCores": "4",
    "compactFp": "0",
    "multipleNicTasks": "0",
    "snmpCommunity": "private",
    "vnfHostname": "CloudMG",
    "mtu": "9000",
    "l3Connectivity": "0",
    "controlSwitchFabricCidr": "1.0.1.0/24",
    "controlSwitchFabricGatewayIp": "1.0.1.1",
    "dataSwitchFabric1Cidr": "1.0.3.0/24",
    "dataSwitchFabric2Cidr": "1.0.4.0/24",
    "scaleConfig": true,
    "oamUsername": "admin",
    "oamPassword": "admin",
    "oamActiveVirtualIp": "10.95.32.147",
    "oamStandbyVirtualIp": "10.95.32.148",
    "dataSwitchFabric1SubnetId": "dataSwitchFabric1Subnet",
    "dataSwitchFabric2SubnetId": "dataSwitchFabric2Subnet",
    "mgLbManagementCidr": "1.0.2.0/24",
    "mgLbManagementGatewayIp": "1.0.2.1",
    "vf2vf": "0",
    "suspendTimer": "10",
    "sessionDeletionRate": "2048",
    "gracefulScaleIn": false,
    "hybridMode": false
  }
}