{
  "mg_group_1": {
    "network_realm_1": {
      "name": "realm-for-internet",
      "ip_pool_1": {
        "pool_name": "pool1.1.0",
        "ipv4_prefix": "11.0.0.0/9",
        "ipv6_prefix": "3ffe:0:11::/48",
        "pool_usage_threshold": {
          "high_threshold": 95,
          "low_threshold": 85
        },
        "hold_timer": {
          "minutes": 10,
          "hold_for_pdn": null
        },
        "group_name": "group1.1.0",
        "remote": null,
        "suppress_dotzero_broadcast_address": null,
        "use_prefixes_immediately": null
      },
      "ip_pool_2": {
        "pool_name": "pool1.2.0",
        "ipv4_prefix": "12.0.0.0/9",
        "ipv6_prefix": "3ffe:0:12::/48",
        "pool_usage_threshold": {
          "high_threshold": 95,
          "low_threshold": 85
        },
        "hold_timer": {
          "minutes": 10,
          "hold_for_pdn": null
        },
        "group_name": "group1.2.0",
        "remote": null,
        "suppress_dotzero_broadcast_address": null,
        "use_prefixes_immediately": null
      }
    },
    "network_realm_2": {
      "name": "realm-for-ims",
      "ip_pool_1": {
        "pool_name": "pool1.3.0",
        "ipv4_prefix": "13.0.0.0/9",
        "ipv6_prefix": "3ffe:0:13::/48",
        "pool_usage_threshold": {
          "high_threshold": 95,
          "low_threshold": 85
        },
        "hold_timer": {
          "minutes": 10,
          "hold_for_pdn": null
        },
        "group_name": "group1.3.0",
        "remote": null,
        "suppress_dotzero_broadcast_address": null,
        "use_prefixes_immediately": null
      },
      "ip_pool_2": {
        "pool_name": "pool1.4.0",
        "ipv4_prefix": "14.0.0.0/9",
        "ipv6_prefix": "3ffe:0:14::/48",
        "pool_usage_threshold": {
          "high_threshold": 95,
          "low_threshold": 85
        },
        "hold_timer": {
          "minutes": 10,
          "hold_for_pdn": null
        },
        "group_name": "group1.4.0",
        "remote": null,
        "suppress_dotzero_broadcast_address": null,
        "use_prefixes_immediately": null
      }
    }
  },
  "mg_group_2": {
    "network_realm_1": {
      "name": "realm-for-internet",
      "ip_pool_1": {
        "pool_name": "pool2.1.0",
        "ipv4_prefix": "15.0.0.0/9",
        "ipv6_prefix": "3ffe:0:15::/48",
        "pool_usage_threshold": {
          "high_threshold": 95,
          "low_threshold": 85
        },
        "hold_timer": {
          "minutes": 10,
          "hold_for_pdn": null
        },
        "group_name": "group2.1.0",
        "remote": null,
        "suppress_dotzero_broadcast_address": null,
        "use_prefixes_immediately": null
      },
      "ip_pool_2": {
        "pool_name": "pool2.2.0",
        "ipv4_prefix": "16.0.0.0/9",
        "ipv6_prefix": "3ffe:0:16::/48",
        "pool_usage_threshold": {
          "high_threshold": 95,
          "low_threshold": 85
        },
        "hold_timer": {
          "minutes": 10,
          "hold_for_pdn": null
        },
        "group_name": "group2.2.0",
        "remote": null,
        "suppress_dotzero_broadcast_address": null,
        "use_prefixes_immediately": null
      }
    },
    "network_realm_2": {
      "name": "realm-for-ims",
      "ip_pool_1": {
        "pool_name": "pool2.3.0",
        "ipv4_prefix": "17.0.0.0/9",
        "ipv6_prefix": "3ffe:0:17::/48",
        "pool_usage_threshold": {
          "high_threshold": 95,
          "low_threshold": 85
        },
        "hold_timer": {
          "minutes": 10,
          "hold_for_pdn": null
        },
        "group_name": "group2.3.0",
        "remote": null,
        "suppress_dotzero_broadcast_address": null,
        "use_prefixes_immediately": null
      },
      "ip_pool_2": {
        "pool_name": "pool2.4.0",
        "ipv4_prefix": "18.0.0.0/9",
        "ipv6_prefix": "3ffe:0:18::/48",
        "pool_usage_threshold": {
          "high_threshold": 95,
          "low_threshold": 85
        },
        "hold_timer": {
          "minutes": 10,
          "hold_for_pdn": null
        },
        "group_name": "group2.4.0",
        "remote": null,
        "suppress_dotzero_broadcast_address": null,
        "use_prefixes_immediately": null
      }
    }
  },
  "mg_group_3": {
    "network_realm_1": {
      "name": "realm-for-internet",
      "ip_pool_1": {
        "pool_name": "pool3.1.0",
        "ipv4_prefix": "19.0.0.0/9",
        "ipv6_prefix": "3ffe:0:19::/48",
        "pool_usage_threshold": {
          "high_threshold": 95,
          "low_threshold": 85
        },
        "hold_timer": {
          "minutes": 10,
          "hold_for_pdn": null
        },
        "group_name": "group3.1.0",
        "remote": null,
        "suppress_dotzero_broadcast_address": null,
        "use_prefixes_immediately": null
      },
      "ip_pool_2": {
        "pool_name": "pool3.2.0",
        "ipv4_prefix": "20.0.0.0/9",
        "ipv6_prefix": "3ffe:0:20::/48",
        "pool_usage_threshold": {
          "high_threshold": 95,
          "low_threshold": 85
        },
        "hold_timer": {
          "minutes": 10,
          "hold_for_pdn": null
        },
        "group_name": "group3.2.0",
        "remote": null,
        "suppress_dotzero_broadcast_address": null,
        "use_prefixes_immediately": null
      }
    },
    "network_realm_2": {
      "name": "realm-for-ims",
      "ip_pool_1": {
        "pool_name": "pool3.3.0",
        "ipv4_prefix": "21.0.0.0/9",
        "ipv6_prefix": "3ffe:0:21::/48",
        "pool_usage_threshold": {
          "high_threshold": 95,
          "low_threshold": 85
        },
        "hold_timer": {
          "minutes": 10,
          "hold_for_pdn": null
        },
        "group_name": "group3.3.0",
        "remote": null,
        "suppress_dotzero_broadcast_address": null,
        "use_prefixes_immediately": null
      },
      "ip_pool_2": {
        "pool_name": "pool3.4.0",
        "ipv4_prefix": "22.0.0.0/9",
        "ipv6_prefix": "3ffe:0:22::/48",
        "pool_usage_threshold": {
          "high_threshold": 95,
          "low_threshold": 85
        },
        "hold_timer": {
          "minutes": 10,
          "hold_for_pdn": null
        },
        "group_name": "group3.4.0",
        "remote": null,
        "suppress_dotzero_broadcast_address": null,
        "use_prefixes_immediately": null
      }
    }
  },
  "mg_group_4": {
    "network_realm_1": {
      "name": "realm-for-internet",
      "ip_pool_1": {
        "pool_name": "pool4.1.0",
        "ipv4_prefix": "23.0.0.0/9",
        "ipv6_prefix": "3ffe:0:23::/48",
        "pool_usage_threshold": {
          "high_threshold": 95,
          "low_threshold": 85
        },
        "hold_timer": {
          "minutes": 10,
          "hold_for_pdn": null
        },
        "group_name": "group4.1.0",
        "remote": null,
        "suppress_dotzero_broadcast_address": null,
        "use_prefixes_immediately": null
      },
      "ip_pool_2": {
        "pool_name": "pool4.2.0",
        "ipv4_prefix": "24.0.0.0/9",
        "ipv6_prefix": "3ffe:0:24::/48",
        "pool_usage_threshold": {
          "high_threshold": 95,
          "low_threshold": 85
        },
        "hold_timer": {
          "minutes": 10,
          "hold_for_pdn": null
        },
        "group_name": "group4.2.0",
        "remote": null,
        "suppress_dotzero_broadcast_address": null,
        "use_prefixes_immediately": null
      }
    },
    "network_realm_2": {
      "name": "realm-for-ims",
      "ip_pool_1": {
        "pool_name": "pool4.3.0",
        "ipv4_prefix": "25.0.0.0/9",
        "ipv6_prefix": "3ffe:0:25::/48",
        "pool_usage_threshold": {
          "high_threshold": 95,
          "low_threshold": 85
        },
        "hold_timer": {
          "minutes": 10,
          "hold_for_pdn": null
        },
        "group_name": "group4.3.0",
        "remote": null,
        "suppress_dotzero_broadcast_address": null,
        "use_prefixes_immediately": null
      },
      "ip_pool_2": {
        "pool_name": "pool4.4.0",
        "ipv4_prefix": "26.0.0.0/9",
        "ipv6_prefix": "3ffe:0:26::/48",
        "pool_usage_threshold": {
          "high_threshold": 95,
          "low_threshold": 85
        },
        "hold_timer": {
          "minutes": 10,
          "hold_for_pdn": null
        },
        "group_name": "group4.4.0",
        "remote": null,
        "suppress_dotzero_broadcast_address": null,
        "use_prefixes_immediately": null
      }
    }
  },
  "mg_group_5": {
    "network_realm_1": {
      "name": "realm-for-internet",
      "ip_pool_1": {
        "pool_name": "pool5.1.0",
        "ipv4_prefix": "27.0.0.0/9",
        "ipv6_prefix": "3ffe:0:27::/48",
        "pool_usage_threshold": {
          "high_threshold": 95,
          "low_threshold": 85
        },
        "hold_timer": {
          "minutes": 10,
          "hold_for_pdn": null
        },
        "group_name": "group5.1.0",
        "remote": null,
        "suppress_dotzero_broadcast_address": null,
        "use_prefixes_immediately": null
      },
      "ip_pool_2": {
        "pool_name": "pool5.2.0",
        "ipv4_prefix": "28.0.0.0/9",
        "ipv6_prefix": "3ffe:0:28::/48",
        "pool_usage_threshold": {
          "high_threshold": 95,
          "low_threshold": 85
        },
        "hold_timer": {
          "minutes": 10,
          "hold_for_pdn": null
        },
        "group_name": "group5.2.0",
        "remote": null,
        "suppress_dotzero_broadcast_address": null,
        "use_prefixes_immediately": null
      }
    },
    "network_realm_2": {
      "name": "realm-for-ims",
      "ip_pool_1": {
        "pool_name": "pool5.3.0",
        "ipv4_prefix": "29.0.0.0/9",
        "ipv6_prefix": "3ffe:0:29::/48",
        "pool_usage_threshold": {
          "high_threshold": 95,
          "low_threshold": 85
        },
        "hold_timer": {
          "minutes": 10,
          "hold_for_pdn": null
        },
        "group_name": "group5.3.0",
        "remote": null,
        "suppress_dotzero_broadcast_address": null,
        "use_prefixes_immediately": null
      },
      "ip_pool_2": {
        "pool_name": "pool5.4.0",
        "ipv4_prefix": "30.0.0.0/9",
        "ipv6_prefix": "3ffe:0:30::/48",
        "pool_usage_threshold": {
          "high_threshold": 95,
          "low_threshold": 85
        },
        "hold_timer": {
          "minutes": 10,
          "hold_for_pdn": null
        },
        "group_name": "group5.4.0",
        "remote": null,
        "suppress_dotzero_broadcast_address": null,
        "use_prefixes_immediately": null
      }
    }
  },
  "mg_group_6": {
    "network_realm_1": {
      "name": "realm-for-internet",
      "ip_pool_1": {
        "pool_name": "pool6.1.0",
        "ipv4_prefix": "31.0.0.0/9",
        "ipv6_prefix": "3ffe:0:31::/48",
        "pool_usage_threshold": {
          "high_threshold": 95,
          "low_threshold": 85
        },
        "hold_timer": {
          "minutes": 10,
          "hold_for_pdn": null
        },
        "group_name": "group6.1.0",
        "remote": null,
        "suppress_dotzero_broadcast_address": null,
        "use_prefixes_immediately": null
      },
      "ip_pool_2": {
        "pool_name": "pool6.2.0",
        "ipv4_prefix": "32.0.0.0/9",
        "ipv6_prefix": "3ffe:0:32::/48",
        "pool_usage_threshold": {
          "high_threshold": 95,
          "low_threshold": 85
        },
        "hold_timer": {
          "minutes": 10,
          "hold_for_pdn": null
        },
        "group_name": "group6.2.0",
        "remote": null,
        "suppress_dotzero_broadcast_address": null,
        "use_prefixes_immediately": null
      }
    },
    "network_realm_2": {
      "name": "realm-for-ims",
      "ip_pool_1": {
        "pool_name": "pool6.3.0",
        "ipv4_prefix": "33.0.0.0/9",
        "ipv6_prefix": "3ffe:0:33::/48",
        "pool_usage_threshold": {
          "high_threshold": 95,
          "low_threshold": 85
        },
        "hold_timer": {
          "minutes": 10,
          "hold_for_pdn": null
        },
        "group_name": "group6.3.0",
        "remote": null,
        "suppress_dotzero_broadcast_address": null,
        "use_prefixes_immediately": null
      },
      "ip_pool_2": {
        "pool_name": "pool6.4.0",
        "ipv4_prefix": "34.0.0.0/9",
        "ipv6_prefix": "3ffe:0:34::/48",
        "pool_usage_threshold": {
          "high_threshold": 95,
          "low_threshold": 85
        },
        "hold_timer": {
          "minutes": 10,
          "hold_for_pdn": null
        },
        "group_name": "group6.4.0",
        "remote": null,
        "suppress_dotzero_broadcast_address": null,
        "use_prefixes_immediately": null
      }
    }
  },
  "mg_group_7": {
    "network_realm_1": {
      "name": "realm-for-internet",
      "ip_pool_1": {
        "pool_name": "pool7.1.0",
        "ipv4_prefix": "35.0.0.0/9",
        "ipv6_prefix": "3ffe:0:35::/48",
        "pool_usage_threshold": {
          "high_threshold": 95,
          "low_threshold": 85
        },
        "hold_timer": {
          "minutes": 10,
          "hold_for_pdn": null
        },
        "group_name": "group7.1.0",
        "remote": null,
        "suppress_dotzero_broadcast_address": null,
        "use_prefixes_immediately": null
      },
      "ip_pool_2": {
        "pool_name": "pool7.2.0",
        "ipv4_prefix": "36.0.0.0/9",
        "ipv6_prefix": "3ffe:0:36::/48",
        "pool_usage_threshold": {
          "high_threshold": 95,
          "low_threshold": 85
        },
        "hold_timer": {
          "minutes": 10,
          "hold_for_pdn": null
        },
        "group_name": "group7.2.0",
        "remote": null,
        "suppress_dotzero_broadcast_address": null,
        "use_prefixes_immediately": null
      }
    },
    "network_realm_2": {
      "name": "realm-for-ims",
      "ip_pool_1": {
        "pool_name": "pool7.3.0",
        "ipv4_prefix": "37.0.0.0/9",
        "ipv6_prefix": "3ffe:0:37::/48",
        "pool_usage_threshold": {
          "high_threshold": 95,
          "low_threshold": 85
        },
        "hold_timer": {
          "minutes": 10,
          "hold_for_pdn": null
        },
        "group_name": "group7.3.0",
        "remote": null,
        "suppress_dotzero_broadcast_address": null,
        "use_prefixes_immediately": null
      },
      "ip_pool_2": {
        "pool_name": "pool7.4.0",
        "ipv4_prefix": "38.0.0.0/9",
        "ipv6_prefix": "3ffe:0:38::/48",
        "pool_usage_threshold": {
          "high_threshold": 95,
          "low_threshold": 85
        },
        "hold_timer": {
          "minutes": 10,
          "hold_for_pdn": null
        },
        "group_name": "group7.4.0",
        "remote": null,
        "suppress_dotzero_broadcast_address": null,
        "use_prefixes_immediately": null
      }
    }
  },
  "mg_group_8": {
    "network_realm_1": {
      "name": "realm-for-internet",
      "ip_pool_1": {
        "pool_name": "pool8.1.0",
        "ipv4_prefix": "39.0.0.0/9",
        "ipv6_prefix": "3ffe:0:39::/48",
        "pool_usage_threshold": {
          "high_threshold": 95,
          "low_threshold": 85
        },
        "hold_timer": {
          "minutes": 10,
          "hold_for_pdn": null
        },
        "group_name": "group8.1.0",
        "remote": null,
        "suppress_dotzero_broadcast_address": null,
        "use_prefixes_immediately": null
      },
      "ip_pool_2": {
        "pool_name": "pool8.2.0",
        "ipv4_prefix": "40.0.0.0/9",
        "ipv6_prefix": "3ffe:0:40::/48",
        "pool_usage_threshold": {
          "high_threshold": 95,
          "low_threshold": 85
        },
        "hold_timer": {
          "minutes": 10,
          "hold_for_pdn": null
        },
        "group_name": "group8.2.0",
        "remote": null,
        "suppress_dotzero_broadcast_address": null,
        "use_prefixes_immediately": null
      }
    },
    "network_realm_2": {
      "name": "realm-for-ims",
      "ip_pool_1": {
        "pool_name": "pool8.3.0",
        "ipv4_prefix": "41.0.0.0/9",
        "ipv6_prefix": "3ffe:0:41::/48",
        "pool_usage_threshold": {
          "high_threshold": 95,
          "low_threshold": 85
        },
        "hold_timer": {
          "minutes": 10,
          "hold_for_pdn": null
        },
        "group_name": "group8.3.0",
        "remote": null,
        "suppress_dotzero_broadcast_address": null,
        "use_prefixes_immediately": null
      },
      "ip_pool_2": {
        "pool_name": "pool8.4.0",
        "ipv4_prefix": "42.0.0.0/9",
        "ipv6_prefix": "3ffe:0:42::/48",
        "pool_usage_threshold": {
          "high_threshold": 95,
          "low_threshold": 85
        },
        "hold_timer": {
          "minutes": 10,
          "hold_for_pdn": null
        },
        "group_name": "group8.4.0",
        "remote": null,
        "suppress_dotzero_broadcast_address": null,
        "use_prefixes_immediately": null
      }
    }
  },
  "mg_group_9": {
    "network_realm_1": {
      "name": "realm-for-internet",
      "ip_pool_1": {
        "pool_name": "pool9.1.0",
        "ipv4_prefix": "43.0.0.0/9",
        "ipv6_prefix": "3ffe:0:43::/48",
        "pool_usage_threshold": {
          "high_threshold": 95,
          "low_threshold": 85
        },
        "hold_timer": {
          "minutes": 10,
          "hold_for_pdn": null
        },
        "group_name": "group9.1.0",
        "remote": null,
        "suppress_dotzero_broadcast_address": null,
        "use_prefixes_immediately": null
      },
      "ip_pool_2": {
        "pool_name": "pool9.2.0",
        "ipv4_prefix": "44.0.0.0/9",
        "ipv6_prefix": "3ffe:0:44::/48",
        "pool_usage_threshold": {
          "high_threshold": 95,
          "low_threshold": 85
        },
        "hold_timer": {
          "minutes": 10,
          "hold_for_pdn": null
        },
        "group_name": "group9.2.0",
        "remote": null,
        "suppress_dotzero_broadcast_address": null,
        "use_prefixes_immediately": null
      }
    },
    "network_realm_2": {
      "name": "realm-for-ims",
      "ip_pool_1": {
        "pool_name": "pool9.3.0",
        "ipv4_prefix": "45.0.0.0/9",
        "ipv6_prefix": "3ffe:0:45::/48",
        "pool_usage_threshold": {
          "high_threshold": 95,
          "low_threshold": 85
        },
        "hold_timer": {
          "minutes": 10,
          "hold_for_pdn": null
        },
        "group_name": "group9.3.0",
        "remote": null,
        "suppress_dotzero_broadcast_address": null,
        "use_prefixes_immediately": null
      },
      "ip_pool_2": {
        "pool_name": "pool9.4.0",
        "ipv4_prefix": "46.0.0.0/9",
        "ipv6_prefix": "3ffe:0:46::/48",
        "pool_usage_threshold": {
          "high_threshold": 95,
          "low_threshold": 85
        },
        "hold_timer": {
          "minutes": 10,
          "hold_for_pdn": null
        },
        "group_name": "group9.4.0",
        "remote": null,
        "suppress_dotzero_broadcast_address": null,
        "use_prefixes_immediately": null
      }
    }
  }
}
