{
  "apiVersion": "4.0",
  "extManagedVirtualLinks": [{
      "id": "dataSwitchFabric1Network",
      "vimConnectionId": "vim_id",
      "resourceId": "$dataSwitchFabric1Net",
      "virtualLinkDescId": "dataSwitchFabric1VL"
    },
    {
      "id": "dataSwitchFabric2Network",
      "vimConnectionId": "vim_id",
      "resourceId": "$dataSwitchFabric2Net",
      "virtualLinkDescId": "dataSwitchFabric2VL"
    }
  ],
  "extVirtualLinks": [{
      "extCps": [{
        "cpConfig": [{
          "cpProtocolData": [{
            "layerProtocol": "IP_OVER_ETHERNET",
            "ipOverEthernet": {
              "ipAddresses": [{
                "type": "$loadBalancerExt1IpType",
                "fixedAddresses": [
                  "$loadBalancerExt1Ip"
                ],
                "subnetId": "notUsed"
              }]
            }
          }]
        }],
        "cpdId": "loadBalancerExt1ECP"
      }],
      "id": "loadBalancerExt1Network",
      "vimConnectionId": "vim_id",
      "resourceId": "$extConnectNet1"
    },
    {
      "extCps": [{
        "cpConfig": [{
          "cpProtocolData": [{
            "layerProtocol": "IP_OVER_ETHERNET",
            "ipOverEthernet": {
              "ipAddresses": [{
                "type": "$loadBalancerExt2IpType",
                "fixedAddresses": [
                  "$loadBalancerExt2Ip"
                ],
                "subnetId": "notUsed"
              }]
            }
          }]
        }],
        "cpdId": "loadBalancerExt2ECP"
      }],
      "id": "loadBalancerExt2Network",
      "vimConnectionId": "vim_id",
      "resourceId": "$extConnectNet2"
    },
    {
      "extCps": [{
        "cpConfig": [{
          "cpProtocolData": [{
            "layerProtocol": "IP_OVER_ETHERNET",
            "ipOverEthernet": {
              "ipAddresses": [{
                "type": "$loadBalancerExt3IpType",
                "fixedAddresses": [
                  "$loadBalancerExt3Ip"
                ],
                "subnetId": "notUsed"
              }]
            }
          }]
        }],
        "cpdId": "loadBalancerExt3ECP"
      }],
      "id": "loadBalancerExt3Network",
      "vimConnectionId": "vim_id",
      "resourceId": "$extConnectNet3"
    },
    {
      "extCps": [{
        "cpConfig": [{
          "cpProtocolData": [{
            "layerProtocol": "IP_OVER_ETHERNET",
            "ipOverEthernet": {
              "ipAddresses": [{
                "type": "$loadBalancerExt4IpType",
                "fixedAddresses": [
                  "$loadBalancerExt4Ip"
                ],
                "subnetId": "notUsed"
              }]
            }
          }]
        }],
        "cpdId": "loadBalancerExt4ECP"
      }],
      "id": "loadBalancerExt4Network",
      "vimConnectionId": "vim_id",
      "resourceId": "$extConnectNet4"
    },
    {
      "extCps": [{
        "cpConfig": [{
          "cpProtocolData": [{
            "layerProtocol": "IP_OVER_ETHERNET",
            "ipOverEthernet": {
              "ipAddresses": [{
                "type": "$loadBalancerExt5IpType",
                "fixedAddresses": [
                  "$loadBalancerExt5Ip"
                ],
                "subnetId": "notUsed"
              }]
            }
          }]
        }],
        "cpdId": "loadBalancerExt5ECP"
      }],
      "id": "loadBalancerExt5Network",
      "vimConnectionId": "vim_id",
      "resourceId": "$extConnectNet5"
    },
    {
      "extCps": [{
        "cpConfig": [{
          "cpProtocolData": [{
            "layerProtocol": "IP_OVER_ETHERNET",
            "ipOverEthernet": {
              "ipAddresses": [{
                "type": "$loadBalancerExt6IpType",
                "fixedAddresses": [
                  "$loadBalancerExt6Ip"
                ],
                "subnetId": "notUsed"
              }]
            }
          }]
        }],
        "cpdId": "loadBalancerExt6ECP"
      }],
      "id": "loadBalancerExt6Network",
      "vimConnectionId": "vim_id",
      "resourceId": "$extConnectNet6"
    },
    {
      "extCps": [{
        "cpConfig": [{
          "cpProtocolData": [{
            "layerProtocol": "IP_OVER_ETHERNET",
            "ipOverEthernet": {
              "ipAddresses": [{
                "type": "$loadBalancerExt7IpType",
                "fixedAddresses": [
                  "$loadBalancerExt7Ip"
                ],
                "subnetId": "notUsed"
              }]
            }
          }]
        }],
        "cpdId": "loadBalancerExt7ECP"
      }],
      "id": "loadBalancerExt7Network",
      "vimConnectionId": "vim_id",
      "resourceId": "$extConnectNet7"
    },
    {
      "extCps": [{
        "cpConfig": [{
          "cpProtocolData": [{
            "layerProtocol": "IP_OVER_ETHERNET",
            "ipOverEthernet": {
              "ipAddresses": [{
                "type": "$loadBalancerExt8IpType",
                "fixedAddresses": [
                  "$loadBalancerExt8Ip"
                ],
                "subnetId": "notUsed"
              }]
            }
          }]
        }],
        "cpdId": "loadBalancerExt8ECP"
      }],
      "id": "loadBalancerExt8Network",
      "vimConnectionId": "vim_id",
      "resourceId": "$extConnectNet8"
    },
    {
      "extCps": [{
        "cpConfig": [{
          "cpProtocolData": [{
            "layerProtocol": "IP_OVER_ETHERNET",
            "ipOverEthernet": {
              "ipAddresses": [{
                "type": "$loadBalancerExt9IpType",
                "fixedAddresses": [
                  "$loadBalancerExt9Ip"
                ],
                "subnetId": "notUsed"
              }]
            }
          }]
        }],
        "cpdId": "loadBalancerExt9ECP"
      }],
      "id": "loadBalancerExt9Network",
      "vimConnectionId": "vim_id",
      "resourceId": "$extConnectNet9"
    },
    {
      "extCps": [{
        "cpConfig": [{
          "cpProtocolData": [{
            "layerProtocol": "IP_OVER_ETHERNET",
            "ipOverEthernet": {
              "ipAddresses": [{
                "type": "$loadBalancerExt10IpType",
                "fixedAddresses": [
                  "$loadBalancerExt10Ip"
                ],
                "subnetId": "notUsed"
              }]
            }
          }]
        }],
        "cpdId": "loadBalancerExt10ECP"
      }],
      "id": "loadBalancerExt10Network",
      "vimConnectionId": "vim_id",
      "resourceId": "$extConnectNet10"
    },
    {
      "extCps": [{
        "cpConfig": [{
          "cpProtocolData": [{
            "layerProtocol": "IP_OVER_ETHERNET",
            "ipOverEthernet": {
              "ipAddresses": [{
                "type": "$loadBalancerExt11IpType",
                "fixedAddresses": [
                  "$loadBalancerExt11Ip"
                ],
                "subnetId": "notUsed"
              }]
            }
          }]
        }],
        "cpdId": "loadBalancerExt11ECP"
      }],
      "id": "loadBalancerExt11Network",
      "vimConnectionId": "vim_id",
      "resourceId": "$extConnectNet11"
    },
    {
      "extCps": [{
        "cpConfig": [{
          "cpProtocolData": [{
            "layerProtocol": "IP_OVER_ETHERNET",
            "ipOverEthernet": {
              "ipAddresses": [{
                "type": "$loadBalancerExt12IpType",
                "fixedAddresses": [
                  "$loadBalancerExt12Ip"
                ],
                "subnetId": "notUsed"
              }]
            }
          }]
        }],
        "cpdId": "loadBalancerExt12ECP"
      }],
      "id": "loadBalancerExt12Network",
      "vimConnectionId": "vim_id",
      "resourceId": "$extConnectNet12"
    },
    {
      "extCps": [{
        "cpConfig": [{
          "cpProtocolData": [{
            "layerProtocol": "IP_OVER_ETHERNET",
            "ipOverEthernet": {
              "ipAddresses": [{
                "type": "$loadBalancerExt13IpType",
                "fixedAddresses": [
                  "$loadBalancerExt13Ip"
                ],
                "subnetId": "notUsed"
              }]
            }
          }]
        }],
        "cpdId": "loadBalancerExt13ECP"
      }],
      "id": "loadBalancerExt13Network",
      "vimConnectionId": "vim_id",
      "resourceId": "$extConnectNet13"
    },
    {
      "extCps": [{
        "cpConfig": [{
          "cpProtocolData": [{
            "layerProtocol": "IP_OVER_ETHERNET",
            "ipOverEthernet": {
              "ipAddresses": [{
                "type": "$loadBalancerExt14IpType",
                "fixedAddresses": [
                  "$loadBalancerExt14Ip"
                ],
                "subnetId": "notUsed"
              }]
            }
          }]
        }],
        "cpdId": "loadBalancerExt14ECP"
      }],
      "id": "loadBalancerExt14Network",
      "vimConnectionId": "vim_id",
      "resourceId": "$extConnectNet14"
    },
    {
      "extCps": [{
        "cpConfig": [{
          "cpProtocolData": [{
            "layerProtocol": "IP_OVER_ETHERNET",
            "ipOverEthernet": {
              "ipAddresses": [{
                "type": "$loadBalancerExt15IpType",
                "fixedAddresses": [
                  "$loadBalancerExt15Ip"
                ],
                "subnetId": "notUsed"
              }]
            }
          }]
        }],
        "cpdId": "loadBalancerExt15ECP"
      }],
      "id": "loadBalancerExt15Network",
      "vimConnectionId": "vim_id",
      "resourceId": "$extConnectNet15"
    },
    {
      "extCps": [{
        "cpConfig": [{
          "cpProtocolData": [{
            "layerProtocol": "IP_OVER_ETHERNET",
            "ipOverEthernet": {
              "ipAddresses": [{
                "type": "$loadBalancerExt16IpType",
                "fixedAddresses": [
                  "$loadBalancerExt16Ip"
                ],
                "subnetId": "notUsed"
              }]
            }
          }]
        }],
        "cpdId": "loadBalancerExt16ECP"
      }],
      "id": "loadBalancerExt16Network",
      "vimConnectionId": "vim_id",
      "resourceId": "$extConnectNet16"
    },
    {
      "extCps": [{
        "cpConfig": [{
          "cpProtocolData": [{
            "layerProtocol": "IP_OVER_ETHERNET",
            "ipOverEthernet": {
              "ipAddresses": [{
                "type": "$activeMgmtIpType",
                "fixedAddresses": [
                  "$activeMgmtIp"
                ],
                "subnetId": "notUsed"
              }, {
                "type": "$standbyMgmtIpType",
                "fixedAddresses": [
                  "$standbyMgmtIp"
                ],
                "subnetId": "notUsed"
              }]
            }
          }]
        }],
        "cpdId": "oamManagementECP"
      }],
      "id": "oamManagementNetwork",
      "vimConnectionId": "vim_id",
      "resourceId": "$managementNet"
    }
  ],
  "computeResourceFlavours": [{
      "vimConnectionId": "vim_id",
      "vimFlavourId": "$OAMVMFlavor",
      "vnfdVirtualComputeDescId": "oamCompute"
    },
    {
      "vimConnectionId": "vim_id",
      "vimFlavourId": "$MGVMFlavor",
      "vnfdVirtualComputeDescId": "mgCompute"
    },
    {
      "vimConnectionId": "vim_id",
      "vimFlavourId": "$LBVMFlavor",
      "vnfdVirtualComputeDescId": "loadBalancerCompute"
    }
  ],
  "softwareImages": [{
    "vimConnectionId": "vim_id",
    "vnfdSoftwareImageId": "cmgImage",
    "vimSoftwareImageId": "$ImageUUID"
  }],
  "zones": [{
      "id": "workingZones",
      "zoneId": "$Zone1",
      "vimConnectionId": "vim_id"
    },
    {
      "id": "protectZones",
      "zoneId": "$Zone2",
      "vimConnectionId": "vim_id"
    }
  ],
  "extensions": {
    "systemIpAddr": "$SytemIp",
    "staticRoute": "static-route=0.0.0.0/0@6.6.6.1",
    "primaryConfigFile": "ftp://*:*@6.6.6.1/regressbed/images/dut-a.cfg",
    "licenseFile": "ftp://*:*@6.6.6.1/regressbed/images/vmLICENSE/timos.vsr-all.txt",
    "securityGroup": "srGrp",
    "oamManagementNetmask": "24",
    "dataSwitchFabric1Vlan": "100",
    "dataSwitchFabric2Vlan": "200",
    "oamCompactFlash1Size": "2",
    "oamCompactFlash2Size": "2",
    "externalIpAddressList": "0.0.0.0/0",
    "csfFailureDetectionTimer": "100",
    "hyperThreadingSupportValue": "0",
    "controlPlaneCores": "4",
    "compactFp": "0",
    "multipleNicTasks": "0",
    "snmpCommunity": "private",
    "vnfHostname": "CloudMG",
    "mtu": "9000",
    "l3Connectivity": "0",
    "controlSwitchFabricCidr": "1.0.1.0/24",
    "controlSwitchFabricGatewayIp": "1.0.1.1",
    "dataSwitchFabric1Cidr": "1.0.3.0/24",
    "dataSwitchFabric2Cidr": "1.0.4.0/24",
    "cupsMode": false,
    "scaleConfig": true,
    "oamUsername": "admin",
    "oamPassword": "admin",
    "oamActiveVirtualIp": "15.227.17.40",
    "oamStandbyVirtualIp": "15.227.17.41",
    "dataSwitchFabric1SubnetId": "dataSwitchFabric1Subnet",
    "dataSwitchFabric2SubnetId": "dataSwitchFabric2Subnet",
    "mgLbManagementCidr": "1.0.2.0/24",
    "mgLbManagementGatewayIp": "1.0.2.1",
    "vf2vf": "0",
    "suspendTimer": "10",
    "sessionDeletionRate": "2048",
    "gracefulScaleIn": false
  }
}
