{
  "vims": [{
    "interfaceInfo": {
      "region": "$region"
    },
    "id": "vim_id",
    "accessInfo": {
      "password": "$password",
      "username": "$username",
      "tenant": "$tenant"
    },
    "interfaceEndpoint": "$keystoneEndpointURL"
  }],
  "flavourId": "scalable",
  "instantiationLevelId": "minimum",
  "extManagedVirtualLinks": [{
      "virtualLinkDescId": "dataSwitchFabric1VL",
      "resourceId": "$dataSwitchFabric1Net"
    },
    {
      "virtualLinkDescId": "dataSwitchFabric2VL",
      "resourceId": "$dataSwitchFabric2Net"
    }
  ],
  "extVirtualLinks": [{
      "extCps": [{
        "addresses": [{
          "subnetId": "notUsed",
          "ip": "$loadBalancerExt1Ip"
        }],
        "cpdId": "loadBalancerExt1ECP"
      }],
      "resourceId": "$extConnectNet1"
    },
    {
      "extCps": [{
        "addresses": [{
          "subnetId": "notUsed",
          "ip": "$loadBalancerExt2Ip"
        }],
        "cpdId": "loadBalancerExt2ECP"
      }],
      "resourceId": "$extConnectNet2"
    },
    {
      "extCps": [{
        "addresses": [{
          "subnetId": "notUsed",
          "ip": "$loadBalancerExt3Ip"
        }],
        "cpdId": "loadBalancerExt3ECP"
      }],
      "resourceId": "$extConnectNet3"
    },
    {
      "extCps": [{
        "addresses": [{
          "subnetId": "notUsed",
          "ip": "$loadBalancerExt4Ip"
        }],
        "cpdId": "loadBalancerExt4ECP"
      }],
      "resourceId": "$extConnectNet4"
    },
    {
      "extCps": [{
        "addresses": [{
          "subnetId": "notUsed",
          "ip": "$mgWorkingExt1Ip"
        }],
        "cpdId": "mgWorkingExt1ECP"
      }],
      "resourceId": "$mgWorkingExt1Net"
    },
    {
      "extCps": [{
        "addresses": [{
          "subnetId": "notUsed",
          "ip": "$mgProtectExt1Ip"
        }],
        "cpdId": "mgProtectExt1ECP"
      }],
      "resourceId": "$mgProtectExt1Net"
    },
    {
      "extCps": [{
        "addresses": [{
          "subnetId": "notUsed",
          "ip": "$mgWorkingExt2Ip"
        }],
        "cpdId": "mgWorkingExt2ECP"
      }],
      "resourceId": "$mgWorkingExt2Net"
    },
    {
      "extCps": [{
        "addresses": [{
          "subnetId": "notUsed",
          "ip": "$mgProtectExt2Ip"
        }],
        "cpdId": "mgProtectExt2ECP"
      }],
      "resourceId": "$mgProtectExt2Net"
    },
    {
      "extCps": [{
        "addresses": [{
          "subnetId": "notUsed",
          "ip": "$mgWorkingExt3Ip"
        }],
        "cpdId": "mgWorkingExt3ECP"
      }],
      "resourceId": "$mgWorkingExt3Net"
    },
    {
      "extCps": [{
        "addresses": [{
          "subnetId": "notUsed",
          "ip": "$mgProtectExt3Ip"
        }],
        "cpdId": "mgProtectExt3ECP"
      }],
      "resourceId": "$mgProtectExt3Net"
    },
    {
      "extCps": [{
        "addresses": [{
          "subnetId": "notUsed",
          "ip": "$mgWorkingExt4Ip"
        }],
        "cpdId": "mgWorkingExt4ECP"
      }],
      "resourceId": "$mgWorkingExt4Net"
    },
    {
      "extCps": [{
        "addresses": [{
          "subnetId": "notUsed",
          "ip": "$mgProtectExt4Ip"
        }],
        "cpdId": "mgProtectExt4ECP"
      }],
      "resourceId": "$mgProtectExt4Net"
    },
    {
      "extCps": [{
        "addresses": [{
          "subnetId": "notUsed",
          "ip": "$mgWorkingExt5Ip"
        }],
        "cpdId": "mgWorkingExt5ECP"
      }],
      "resourceId": "$mgWorkingExt5Net"
    },
    {
      "extCps": [{
        "addresses": [{
          "subnetId": "notUsed",
          "ip": "$mgProtectExt5Ip"
        }],
        "cpdId": "mgProtectExt5ECP"
      }],
      "resourceId": "$mgProtectExt5Net"
    },
    {
      "extCps": [{
        "addresses": [{
          "subnetId": "notUsed",
          "ip": "$mgWorkingExt6Ip"
        }],
        "cpdId": "mgWorkingExt6ECP"
      }],
      "resourceId": "$mgWorkingExt6Net"
    },
    {
      "extCps": [{
        "addresses": [{
          "subnetId": "notUsed",
          "ip": "$mgProtectExt6Ip"
        }],
        "cpdId": "mgProtectExt6ECP"
      }],
      "resourceId": "$mgProtectExt6Net"
    },
    {
      "extCps": [{
        "addresses": [{
          "subnetId": "notUsed",
          "ip": "$mgWorkingExt7Ip"
        }],
        "cpdId": "mgWorkingExt7ECP"
      }],
      "resourceId": "$mgWorkingExt7Net"
    },
    {
      "extCps": [{
        "addresses": [{
          "subnetId": "notUsed",
          "ip": "$mgProtectExt7Ip"
        }],
        "cpdId": "mgProtectExt7ECP"
      }],
      "resourceId": "$mgProtectExt7Net"
    },
    {
      "extCps": [{
        "addresses": [{
          "subnetId": "notUsed",
          "ip": "$mgWorkingExt8Ip"
        }],
        "cpdId": "mgWorkingExt8ECP"
      }],
      "resourceId": "$mgWorkingExt8Net"
    },
    {
      "extCps": [{
        "addresses": [{
          "subnetId": "notUsed",
          "ip": "$mgProtectExt8Ip"
        }],
        "cpdId": "mgProtectExt8ECP"
      }],
      "resourceId": "$mgProtectExt8Net"
    },
    {
      "extCps": [{
        "addresses": [{
          "subnetId": "notUsed",
          "ip": "$mgWorkingExt9Ip"
        }],
        "cpdId": "mgWorkingExt9ECP"
      }],
      "resourceId": "$mgWorkingExt9Net"
    },
    {
      "extCps": [{
        "addresses": [{
          "subnetId": "notUsed",
          "ip": "$mgProtectExt9Ip"
        }],
        "cpdId": "mgProtectExt9ECP"
      }],
      "resourceId": "$mgProtectExt9Net"
    },
    {
      "extCps": [{
        "addresses": [{
          "subnetId": "notUsed",
          "ip": "$mgWorkingExt10Ip"
        }],
        "cpdId": "mgWorkingExt10ECP"
      }],
      "resourceId": "$mgWorkingExt10Net"
    },
    {
      "extCps": [{
        "addresses": [{
          "subnetId": "notUsed",
          "ip": "$mgProtectExt10Ip"
        }],
        "cpdId": "mgProtectExt10ECP"
      }],
      "resourceId": "$mgProtectExt10Net"
    },
    {
      "extCps": [{
        "addresses": [{
          "subnetId": "notUsed",
          "ip": "$mgWorkingExt11Ip"
        }],
        "cpdId": "mgWorkingExt11ECP"
      }],
      "resourceId": "$mgWorkingExt11Net"
    },
    {
      "extCps": [{
        "addresses": [{
          "subnetId": "notUsed",
          "ip": "$mgProtectExt11Ip"
        }],
        "cpdId": "mgProtectExt11ECP"
      }],
      "resourceId": "$mgProtectExt11Net"
    },
    {
      "extCps": [{
        "addresses": [{
          "subnetId": "notUsed",
          "ip": "$mgWorkingExt12Ip"
        }],
        "cpdId": "mgWorkingExt12ECP"
      }],
      "resourceId": "$mgWorkingExt12Net"
    },
    {
      "extCps": [{
        "addresses": [{
          "subnetId": "notUsed",
          "ip": "$mgProtectExt12Ip"
        }],
        "cpdId": "mgProtectExt12ECP"
      }],
      "resourceId": "$mgProtectExt12Net"
    },
    {
      "extCps": [{
        "addresses": [{
          "subnetId": "notUsed",
          "ip": "$mgWorkingExt13Ip"
        }],
        "cpdId": "mgWorkingExt13ECP"
      }],
      "resourceId": "$mgWorkingExt13Net"
    },
    {
      "extCps": [{
        "addresses": [{
          "subnetId": "notUsed",
          "ip": "$mgProtectExt13Ip"
        }],
        "cpdId": "mgProtectExt13ECP"
      }],
      "resourceId": "$mgProtectExt13Net"
    },
    {
      "extCps": [{
        "addresses": [{
          "subnetId": "notUsed",
          "ip": "$mgWorkingExt14Ip"
        }],
        "cpdId": "mgWorkingExt14ECP"
      }],
      "resourceId": "$mgWorkingExt14Net"
    },
    {
      "extCps": [{
        "addresses": [{
          "subnetId": "notUsed",
          "ip": "$mgProtectExt14Ip"
        }],
        "cpdId": "mgProtectExt14ECP"
      }],
      "resourceId": "$mgProtectExt14Net"
    },
    {
      "extCps": [{
        "addresses": [{
          "subnetId": "notUsed",
          "ip": "$mgWorkingExt15Ip"
        }],
        "cpdId": "mgWorkingExt15ECP"
      }],
      "resourceId": "$mgWorkingExt15Net"
    },
    {
      "extCps": [{
        "addresses": [{
          "subnetId": "notUsed",
          "ip": "$mgProtectExt15Ip"
        }],
        "cpdId": "mgProtectExt15ECP"
      }],
      "resourceId": "$mgProtectExt15Net"
    },
    {
      "extCps": [{
        "addresses": [{
          "subnetId": "notUsed",
          "ip": "$mgWorkingExt16Ip"
        }],
        "cpdId": "mgWorkingExt16ECP"
      }],
      "resourceId": "$mgWorkingExt16Net"
    },
    {
      "extCps": [{
        "addresses": [{
          "subnetId": "notUsed",
          "ip": "$mgProtectExt16Ip"
        }],
        "cpdId": "mgProtectExt16ECP"
      }],
      "resourceId": "$mgProtectExt16Net"
    },
    {
      "extCps": [{
        "addresses": [{
          "subnetId": "notUsed",
          "ip": "$mgWorkingExt17Ip"
        }],
        "cpdId": "mgWorkingExt17ECP"
      }],
      "resourceId": "$mgWorkingExt17Net"
    },
    {
      "extCps": [{
        "addresses": [{
          "subnetId": "notUsed",
          "ip": "$mgProtectExt17Ip"
        }],
        "cpdId": "mgProtectExt17ECP"
      }],
      "resourceId": "$mgProtectExt17Net"
    },
    {
      "extCps": [{
        "addresses": [{
          "subnetId": "notUsed",
          "ip": "$mgWorkingExt18Ip"
        }],
        "cpdId": "mgWorkingExt18ECP"
      }],
      "resourceId": "$mgWorkingExt18Net"
    },
    {
      "extCps": [{
        "addresses": [{
          "subnetId": "notUsed",
          "ip": "$mgProtectExt18Ip"
        }],
        "cpdId": "mgProtectExt18ECP"
      }],
      "resourceId": "$mgProtectExt18Net"
    },
    {
      "resourceId": "$managementNet",
      "extCps": [{
        "addresses": [{
            "subnetId": "notUsed",
            "ip": "$activeMgmtIp"
          },
          {
            "subnetId": "notUsed",
            "ip": "$standbyMgmtIp"
          }
        ],
        "cpdId": "oamManagementECP"
      }]
    }
  ],
  "grantlessMode": true,
  "computeResourceFlavours": [{
      "vnfdVirtualComputeDescId": "oamCompute",
      "resourceId": "$OAMVMFlavor"
    },
    {
      "vnfdVirtualComputeDescId": "mgCompute",
      "resourceId": "$MGVMFlavor"
    },
    {
      "vnfdVirtualComputeDescId": "loadBalancerCompute",
      "resourceId": "$LBVMFlavor"
    }
  ],
  "softwareImages": [{
    "vnfdSoftwareImageId": "cmgImage",
    "resourceId": "$ImageUUID"
  }],
  "zones": [{
      "id": "workingZones",
      "resourceId": "$Zone1"
    },
    {
      "id": "protectZones",
      "resourceId": "$Zone2"
    }
  ]
}