{
  "apiVersion": "4.0",
  "vimConnectionInfo": [{
    "accessInfo": {
      "username": "CMG1UPF",
      "password": "changeme",
      "region": "regionOne",
      "tenant": "POC-CMG1UPF",
      "project": "POC-CMG1UPF",
      "userDomain": "Default",
      "projectDomain": "Default"
    },
    "id": "vim_id",
    "interfaceInfo": {
      "endpoint": "$keystoneEndpointURL"
    },
    "vimType": "OPENSTACK_V3"
  }],
  "flavourId": "scalable",
  "instantiationLevelId": "minimum",
  "extManagedVirtualLinks": [{
      "id": "controlSwitchFabric1Network",
      "vimConnectionId": "vim_id",
      "resourceId": "CMG1CFab1NetUPF",
      "virtualLinkDescId": "controlSwitchFabric1VL"
    },
    {
      "id": "controlSwitchFabric2Network",
      "vimConnectionId": "vim_id",
      "resourceId": "CMG1CFab2NetUPF",
      "virtualLinkDescId": "controlSwitchFabric2VL"
    },
    {
      "id": "dataSwitchFabric1Network",
      "vimConnectionId": "vim_id",
      "resourceId": "CMG1DFab1NetUPF",
      "virtualLinkDescId": "dataSwitchFabric1VL"
    },
    {
      "id": "dataSwitchFabric2Network",
      "vimConnectionId": "vim_id",
      "resourceId": "CMG1DFab2NetUPF",
      "virtualLinkDescId": "dataSwitchFabric2VL"
    }
  ],
  "extVirtualLinks": [{
      "extCps": [{
        "cpConfig": [{
          "cpProtocolData": [{
            "layerProtocol": "IP_OVER_ETHERNET",
            "ipOverEthernet": {
              "ipAddresses": [{
                "type": "IPV4",
                "fixedAddresses": [
                  "100.68.0.10"
                ],
                "subnetId": "notUsed"
              }]
            }
          }]
        }],
        "cpdId": "loadBalancerExt1ECP"
      }],
      "id": "loadBalancerExt1Network",
      "vimConnectionId": "vim_id",
      "resourceId": "CMG_Ext_net_flat_physnet5"
    },
    {
      "extCps": [{
        "cpConfig": [{
          "cpProtocolData": [{
            "layerProtocol": "IP_OVER_ETHERNET",
            "ipOverEthernet": {
              "ipAddresses": [{
                "type": "IPV4",
                "fixedAddresses": [
                  "100.69.0.10"
                ],
                "subnetId": "notUsed"
              }]
            }
          }]
        }],
        "cpdId": "loadBalancerExt2ECP"
      }],
      "id": "loadBalancerExt2Network",
      "vimConnectionId": "vim_id",
      "resourceId": "CMG_Ext_net_flat_physnet6"
    },
    {
      "extCps": [{
        "cpConfig": [{
          "cpProtocolData": [{
            "layerProtocol": "IP_OVER_ETHERNET",
            "ipOverEthernet": {
              "ipAddresses": [{
                "type": "IPV4",
                "fixedAddresses": [
                  "100.68.0.11"
                ],
                "subnetId": "notUsed"
              }]
            }
          }]
        }],
        "cpdId": "loadBalancerExt3ECP"
      }],
      "id": "loadBalancerExt3Network",
      "vimConnectionId": "vim_id",
      "resourceId": "CMG_Ext_net_flat_physnet5"
    },
    {
      "extCps": [{
        "cpConfig": [{
          "cpProtocolData": [{
            "layerProtocol": "IP_OVER_ETHERNET",
            "ipOverEthernet": {
              "ipAddresses": [{
                "type": "IPV4",
                "fixedAddresses": [
                  "100.69.0.11"
                ],
                "subnetId": "notUsed"
              }]
            }
          }]
        }],
        "cpdId": "loadBalancerExt4ECP"
      }],
      "id": "loadBalancerExt4Network",
      "vimConnectionId": "vim_id",
      "resourceId": "CMG_Ext_net_flat_physnet6"
    },
    {
      "extCps": [{
        "cpConfig": [{
          "cpProtocolData": [{
            "layerProtocol": "IP_OVER_ETHERNET",
            "ipOverEthernet": {
              "ipAddresses": [{
                "type": "IPV4",
                "fixedAddresses": [
                  "100.68.0.12"
                ],
                "subnetId": "notUsed"
              }]
            }
          }]
        }],
        "cpdId": "loadBalancerExt5ECP"
      }],
      "id": "loadBalancerExt5Network",
      "vimConnectionId": "vim_id",
      "resourceId": "CMG_Ext_net_flat_physnet5"
    },
    {
      "extCps": [{
        "cpConfig": [{
          "cpProtocolData": [{
            "layerProtocol": "IP_OVER_ETHERNET",
            "ipOverEthernet": {
              "ipAddresses": [{
                "type": "IPV4",
                "fixedAddresses": [
                  "100.69.0.12"
                ],
                "subnetId": "notUsed"
              }]
            }
          }]
        }],
        "cpdId": "loadBalancerExt6ECP"
      }],
      "id": "loadBalancerExt6Network",
      "vimConnectionId": "vim_id",
      "resourceId": "CMG_Ext_net_flat_physnet6"
    },
    {
      "extCps": [{
        "cpConfig": [{
          "cpProtocolData": [{
            "layerProtocol": "IP_OVER_ETHERNET",
            "ipOverEthernet": {
              "ipAddresses": [{
                "type": "IPV4",
                "fixedAddresses": [
                  "100.68.0.13"
                ],
                "subnetId": "notUsed"
              }]
            }
          }]
        }],
        "cpdId": "loadBalancerExt7ECP"
      }],
      "id": "loadBalancerExt7Network",
      "vimConnectionId": "vim_id",
      "resourceId": "CMG_Ext_net_flat_physnet5"
    },
    {
      "extCps": [{
        "cpConfig": [{
          "cpProtocolData": [{
            "layerProtocol": "IP_OVER_ETHERNET",
            "ipOverEthernet": {
              "ipAddresses": [{
                "type": "IPV4",
                "fixedAddresses": [
                  "100.69.0.13"
                ],
                "subnetId": "notUsed"
              }]
            }
          }]
        }],
        "cpdId": "loadBalancerExt8ECP"
      }],
      "id": "loadBalancerExt8Network",
      "vimConnectionId": "vim_id",
      "resourceId": "CMG_Ext_net_flat_physnet6"
    },
    {
      "extCps": [{
        "cpConfig": [{
          "cpProtocolData": [{
            "layerProtocol": "IP_OVER_ETHERNET",
            "ipOverEthernet": {
              "ipAddresses": [{
                "type": "IPV4",
                "fixedAddresses": [
                  "100.68.0.14"
                ],
                "subnetId": "notUsed"
              }]
            }
          }]
        }],
        "cpdId": "loadBalancerExt9ECP"
      }],
      "id": "loadBalancerExt9Network",
      "vimConnectionId": "vim_id",
      "resourceId": "CMG_Ext_net_flat_physnet5"
    },
    {
      "extCps": [{
        "cpConfig": [{
          "cpProtocolData": [{
            "layerProtocol": "IP_OVER_ETHERNET",
            "ipOverEthernet": {
              "ipAddresses": [{
                "type": "IPV4",
                "fixedAddresses": [
                  "100.69.0.14"
                ],
                "subnetId": "notUsed"
              }]
            }
          }]
        }],
        "cpdId": "loadBalancerExt10ECP"
      }],
      "id": "loadBalancerExt10Network",
      "vimConnectionId": "vim_id",
      "resourceId": "CMG_Ext_net_flat_physnet6"
    },
    {
      "extCps": [{
        "cpConfig": [{
          "cpProtocolData": [{
            "layerProtocol": "IP_OVER_ETHERNET",
            "ipOverEthernet": {
              "ipAddresses": [{
                "type": "IPV4",
                "fixedAddresses": [
                  "100.68.0.15"
                ],
                "subnetId": "notUsed"
              }]
            }
          }]
        }],
        "cpdId": "loadBalancerExt11ECP"
      }],
      "id": "loadBalancerExt11Network",
      "vimConnectionId": "vim_id",
      "resourceId": "CMG_Ext_net_flat_physnet5"
    },
    {
      "extCps": [{
        "cpConfig": [{
          "cpProtocolData": [{
            "layerProtocol": "IP_OVER_ETHERNET",
            "ipOverEthernet": {
              "ipAddresses": [{
                "type": "IPV4",
                "fixedAddresses": [
                  "100.69.0.15"
                ],
                "subnetId": "notUsed"
              }]
            }
          }]
        }],
        "cpdId": "loadBalancerExt12ECP"
      }],
      "id": "loadBalancerExt12Network",
      "vimConnectionId": "vim_id",
      "resourceId": "CMG_Ext_net_flat_physnet6"
    },
    {
      "extCps": [{
        "cpConfig": [{
          "cpProtocolData": [{
            "layerProtocol": "IP_OVER_ETHERNET",
            "ipOverEthernet": {
              "ipAddresses": [{
                "type": "IPV4",
                "fixedAddresses": [
                  "100.68.0.16"
                ],
                "subnetId": "notUsed"
              }]
            }
          }]
        }],
        "cpdId": "loadBalancerExt13ECP"
      }],
      "id": "loadBalancerExt13Network",
      "vimConnectionId": "vim_id",
      "resourceId": "CMG_Ext_net_flat_physnet5"
    },
    {
      "extCps": [{
        "cpConfig": [{
          "cpProtocolData": [{
            "layerProtocol": "IP_OVER_ETHERNET",
            "ipOverEthernet": {
              "ipAddresses": [{
                "type": "IPV4",
                "fixedAddresses": [
                  "100.69.0.16"
                ],
                "subnetId": "notUsed"
              }]
            }
          }]
        }],
        "cpdId": "loadBalancerExt14ECP"
      }],
      "id": "loadBalancerExt14Network",
      "vimConnectionId": "vim_id",
      "resourceId": "CMG_Ext_net_flat_physnet6"
    },
    {
      "extCps": [{
        "cpConfig": [{
          "cpProtocolData": [{
            "layerProtocol": "IP_OVER_ETHERNET",
            "ipOverEthernet": {
              "ipAddresses": [{
                "type": "IPV4",
                "fixedAddresses": [
                  "100.68.0.17"
                ],
                "subnetId": "notUsed"
              }]
            }
          }]
        }],
        "cpdId": "loadBalancerExt15ECP"
      }],
      "id": "loadBalancerExt15Network",
      "vimConnectionId": "vim_id",
      "resourceId": "CMG_Ext_net_flat_physnet5"
    },
    {
      "extCps": [{
        "cpConfig": [{
          "cpProtocolData": [{
            "layerProtocol": "IP_OVER_ETHERNET",
            "ipOverEthernet": {
              "ipAddresses": [{
                "type": "IPV4",
                "fixedAddresses": [
                  "100.69.0.17"
                ],
                "subnetId": "notUsed"
              }]
            }
          }]
        }],
        "cpdId": "loadBalancerExt16ECP"
      }],
      "id": "loadBalancerExt16Network",
      "vimConnectionId": "vim_id",
      "resourceId": "CMG_Ext_net_flat_physnet6"
    },
    {
      "extCps": [{
        "cpConfig": [{
          "cpProtocolData": [{
            "layerProtocol": "IP_OVER_ETHERNET",
            "ipOverEthernet": {
              "ipAddresses": [{
                "type": "IPV4",
                "fixedAddresses": [
                  "100.68.0.18"
                ],
                "subnetId": "notUsed"
              }]
            }
          }]
        }],
        "cpdId": "mgExt1ECP"
      }],
      "id": "mgExt1Network",
      "vimConnectionId": "vim_id",
      "resourceId": "CMG_Ext_net_flat_physnet5"
    },
    {
      "extCps": [{
        "cpConfig": [{
          "cpProtocolData": [{
            "layerProtocol": "IP_OVER_ETHERNET",
            "ipOverEthernet": {
              "ipAddresses": [{
                "type": "IPV4",
                "fixedAddresses": [
                  "100.68.0.19"
                ],
                "subnetId": "notUsed"
              }]
            }
          }]
        }],
        "cpdId": "mgExt2ECP"
      }],
      "id": "mgExt2Network",
      "vimConnectionId": "vim_id",
      "resourceId": "CMG_Ext_net_flat_physnet5"
    },
    {
      "extCps": [{
        "cpConfig": [{
          "cpProtocolData": [{
            "layerProtocol": "IP_OVER_ETHERNET",
            "ipOverEthernet": {
              "ipAddresses": [{
                "type": "IPV4",
                "fixedAddresses": [
                  "100.69.0.18"
                ],
                "subnetId": "notUsed"
              }]
            }
          }]
        }],
        "cpdId": "mgExt3ECP"
      }],
      "id": "mgExt3Network",
      "vimConnectionId": "vim_id",
      "resourceId": "CMG_Ext_net_flat_physnet6"
    },
    {
      "extCps": [{
        "cpConfig": [{
          "cpProtocolData": [{
            "layerProtocol": "IP_OVER_ETHERNET",
            "ipOverEthernet": {
              "ipAddresses": [{
                "type": "IPV4",
                "fixedAddresses": [
                  "100.69.0.19"
                ],
                "subnetId": "notUsed"
              }]
            }
          }]
        }],
        "cpdId": "mgExt4ECP"
      }],
      "id": "mgExt4Network",
      "vimConnectionId": "vim_id",
      "resourceId": "CMG_Ext_net_flat_physnet6"
    },
    {
      "extCps": [{
        "cpConfig": [{
          "cpProtocolData": [{
            "layerProtocol": "IP_OVER_ETHERNET",
            "ipOverEthernet": {
              "ipAddresses": [{
                "type": "IPV4",
                "fixedAddresses": [
                  "100.68.0.20"
                ],
                "subnetId": "notUsed"
              }]
            }
          }]
        }],
        "cpdId": "mgExt5ECP"
      }],
      "id": "mgExt5Network",
      "vimConnectionId": "vim_id",
      "resourceId": "CMG_Ext_net_flat_physnet5"
    },
    {
      "extCps": [{
        "cpConfig": [{
          "cpProtocolData": [{
            "layerProtocol": "IP_OVER_ETHERNET",
            "ipOverEthernet": {
              "ipAddresses": [{
                "type": "$mgExt6IpType",
                "fixedAddresses": [
                  "100.68.0.21"
                ],
                "subnetId": "notUsed"
              }]
            }
          }]
        }],
        "cpdId": "mgExt6ECP"
      }],
      "id": "mgExt6Network",
      "vimConnectionId": "vim_id",
      "resourceId": "CMG_Ext_net_flat_physnet5"
    },
    {
      "extCps": [{
        "cpConfig": [{
          "cpProtocolData": [{
            "layerProtocol": "IP_OVER_ETHERNET",
            "ipOverEthernet": {
              "ipAddresses": [{
                "type": "IPV4",
                "fixedAddresses": [
                  "100.69.0.20"
                ],
                "subnetId": "notUsed"
              }]
            }
          }]
        }],
        "cpdId": "mgExt7ECP"
      }],
      "id": "mgExt7Network",
      "vimConnectionId": "vim_id",
      "resourceId": "CMG_Ext_net_flat_physnet6"
    },
    {
      "extCps": [{
        "cpConfig": [{
          "cpProtocolData": [{
            "layerProtocol": "IP_OVER_ETHERNET",
            "ipOverEthernet": {
              "ipAddresses": [{
                "type": "IPV4",
                "fixedAddresses": [
                  "100.69.0.21"
                ],
                "subnetId": "notUsed"
              }]
            }
          }]
        }],
        "cpdId": "mgExt8ECP"
      }],
      "id": "mgExt8Network",
      "vimConnectionId": "vim_id",
      "resourceId": "CMG_Ext_net_flat_physnet6"
    },
    {
      "extCps": [{
        "cpConfig": [{
          "cpProtocolData": [{
            "layerProtocol": "IP_OVER_ETHERNET",
            "ipOverEthernet": {
              "ipAddresses": [{
                "type": "IPV4",
                "fixedAddresses": [
                  "100.68.0.22"
                ],
                "subnetId": "notUsed"
              }]
            }
          }]
        }],
        "cpdId": "mgExt9ECP"
      }],
      "id": "mgExt9Network",
      "vimConnectionId": "vim_id",
      "resourceId": "CMG_Ext_net_flat_physnet5"
    },
    {
      "extCps": [{
        "cpConfig": [{
          "cpProtocolData": [{
            "layerProtocol": "IP_OVER_ETHERNET",
            "ipOverEthernet": {
              "ipAddresses": [{
                "type": "IPV4",
                "fixedAddresses": [
                  "100.68.0.23"
                ],
                "subnetId": "notUsed"
              }]
            }
          }]
        }],
        "cpdId": "mgExt10ECP"
      }],
      "id": "mgExt10Network",
      "vimConnectionId": "vim_id",
      "resourceId": "CMG_Ext_net_flat_physnet5"
    },
    {
      "extCps": [{
        "cpConfig": [{
          "cpProtocolData": [{
            "layerProtocol": "IP_OVER_ETHERNET",
            "ipOverEthernet": {
              "ipAddresses": [{
                "type": "IPV4",
                "fixedAddresses": [
                  "100.69.0.22"
                ],
                "subnetId": "notUsed"
              }]
            }
          }]
        }],
        "cpdId": "mgExt11ECP"
      }],
      "id": "mgExt11Network",
      "vimConnectionId": "vim_id",
      "resourceId": "CMG_Ext_net_flat_physnet6"
    },
    {
      "extCps": [{
        "cpConfig": [{
          "cpProtocolData": [{
            "layerProtocol": "IP_OVER_ETHERNET",
            "ipOverEthernet": {
              "ipAddresses": [{
                "type": "IPV4",
                "fixedAddresses": [
                  "100.69.0.23"
                ],
                "subnetId": "notUsed"
              }]
            }
          }]
        }],
        "cpdId": "mgExt12ECP"
      }],
      "id": "mgExt12Network",
      "vimConnectionId": "vim_id",
      "resourceId": "CMG_Ext_net_flat_physnet6"
    },
    {
      "extCps": [{
        "cpConfig": [{
          "cpProtocolData": [{
            "layerProtocol": "IP_OVER_ETHERNET",
            "ipOverEthernet": {
              "ipAddresses": [{
                "type": "IPV4",
                "fixedAddresses": [
                  "100.68.0.24"
                ],
                "subnetId": "notUsed"
              }]
            }
          }]
        }],
        "cpdId": "mgExt13ECP"
      }],
      "id": "mgExt13Network",
      "vimConnectionId": "vim_id",
      "resourceId": "CMG_Ext_net_flat_physnet5"
    },
    {
      "extCps": [{
        "cpConfig": [{
          "cpProtocolData": [{
            "layerProtocol": "IP_OVER_ETHERNET",
            "ipOverEthernet": {
              "ipAddresses": [{
                "type": "IPV4",
                "fixedAddresses": [
                  "100.68.0.25"
                ],
                "subnetId": "notUsed"
              }]
            }
          }]
        }],
        "cpdId": "mgExt14ECP"
      }],
      "id": "mgExt14Network",
      "vimConnectionId": "vim_id",
      "resourceId": "CMG_Ext_net_flat_physnet5"
    },
    {
      "extCps": [{
        "cpConfig": [{
          "cpProtocolData": [{
            "layerProtocol": "IP_OVER_ETHERNET",
            "ipOverEthernet": {
              "ipAddresses": [{
                "type": "IPV4",
                "fixedAddresses": [
                  "100.69.0.24"
                ],
                "subnetId": "notUsed"
              }]
            }
          }]
        }],
        "cpdId": "mgExt15ECP"
      }],
      "id": "mgExt15Network",
      "vimConnectionId": "vim_id",
      "resourceId": "CMG_Ext_net_flat_physnet6"
    },
    {
      "extCps": [{
        "cpConfig": [{
          "cpProtocolData": [{
            "layerProtocol": "IP_OVER_ETHERNET",
            "ipOverEthernet": {
              "ipAddresses": [{
                "type": "IPV4",
                "fixedAddresses": [
                  "100.69.0.25"
                ],
                "subnetId": "notUsed"
              }]
            }
          }]
        }],
        "cpdId": "mgExt16ECP"
      }],
      "id": "mgExt16Network",
      "vimConnectionId": "vim_id",
      "resourceId": "CMG_Ext_net_flat_physnet6"
    },
    {
      "extCps": [{
        "cpConfig": [{
          "cpProtocolData": [{
            "layerProtocol": "IP_OVER_ETHERNET",
            "ipOverEthernet": {
              "ipAddresses": [{
                "type": "IPV4",
                "fixedAddresses": [
                  "100.68.0.26"
                ],
                "subnetId": "notUsed"
              }]
            }
          }]
        }],
        "cpdId": "mgExt17ECP"
      }],
      "id": "mgExt17Network",
      "vimConnectionId": "vim_id",
      "resourceId": "CMG_Ext_net_flat_physnet5"
    },
    {
      "extCps": [{
        "cpConfig": [{
          "cpProtocolData": [{
            "layerProtocol": "IP_OVER_ETHERNET",
            "ipOverEthernet": {
              "ipAddresses": [{
                "type": "IPV4",
                "fixedAddresses": [
                  "100.68.0.27"
                ],
                "subnetId": "notUsed"
              }]
            }
          }]
        }],
        "cpdId": "mgExt18ECP"
      }],
      "id": "mgExt18Network",
      "vimConnectionId": "vim_id",
      "resourceId": "CMG_Ext_net_flat_physnet5"
    },
    {
      "extCps": [{
        "cpConfig": [{
          "cpProtocolData": [{
            "layerProtocol": "IP_OVER_ETHERNET",
            "ipOverEthernet": {
              "ipAddresses": [{
                "type": "IPV4",
                "fixedAddresses": [
                  "100.69.0.26"
                ],
                "subnetId": "notUsed"
              }]
            }
          }]
        }],
        "cpdId": "mgExt19ECP"
      }],
      "id": "mgExt19Network",
      "vimConnectionId": "vim_id",
      "resourceId": "CMG_Ext_net_flat_physnet6"
    },
    {
      "extCps": [{
        "cpConfig": [{
          "cpProtocolData": [{
            "layerProtocol": "IP_OVER_ETHERNET",
            "ipOverEthernet": {
              "ipAddresses": [{
                "type": "IPV4",
                "fixedAddresses": [
                  "100.69.0.27"
                ],
                "subnetId": "notUsed"
              }]
            }
          }]
        }],
        "cpdId": "mgExt20ECP"
      }],
      "id": "mgExt20Network",
      "vimConnectionId": "vim_id",
      "resourceId": "CMG_Ext_net_flat_physnet6"
    },
    {
      "extCps": [{
        "cpConfig": [{
          "cpProtocolData": [{
            "layerProtocol": "IP_OVER_ETHERNET",
            "ipOverEthernet": {
              "ipAddresses": [{
                "type": "IPV4",
                "fixedAddresses": [
                  "100.68.0.28"
                ],
                "subnetId": "notUsed"
              }]
            }
          }]
        }],
        "cpdId": "mgExt21ECP"
      }],
      "id": "mgExt21Network",
      "vimConnectionId": "vim_id",
      "resourceId": "CMG_Ext_net_flat_physnet5"
    },
    {
      "extCps": [{
        "cpConfig": [{
          "cpProtocolData": [{
            "layerProtocol": "IP_OVER_ETHERNET",
            "ipOverEthernet": {
              "ipAddresses": [{
                "type": "IPV4",
                "fixedAddresses": [
                  "100.68.0.29"
                ],
                "subnetId": "notUsed"
              }]
            }
          }]
        }],
        "cpdId": "mgExt22ECP"
      }],
      "id": "mgExt22Network",
      "vimConnectionId": "vim_id",
      "resourceId": "CMG_Ext_net_flat_physnet5"
    },
    {
      "extCps": [{
        "cpConfig": [{
          "cpProtocolData": [{
            "layerProtocol": "IP_OVER_ETHERNET",
            "ipOverEthernet": {
              "ipAddresses": [{
                "type": "IPV4",
                "fixedAddresses": [
                  "100.69.0.28"
                ],
                "subnetId": "notUsed"
              }]
            }
          }]
        }],
        "cpdId": "mgExt23ECP"
      }],
      "id": "mgExt23Network",
      "vimConnectionId": "vim_id",
      "resourceId": "CMG_Ext_net_flat_physnet6"
    },
    {
      "extCps": [{
        "cpConfig": [{
          "cpProtocolData": [{
            "layerProtocol": "IP_OVER_ETHERNET",
            "ipOverEthernet": {
              "ipAddresses": [{
                "type": "IPV4",
                "fixedAddresses": [
                  "100.69.0.29"
                ],
                "subnetId": "notUsed"
              }]
            }
          }]
        }],
        "cpdId": "mgExt24ECP"
      }],
      "id": "mgExt24Network",
      "vimConnectionId": "vim_id",
      "resourceId": "CMG_Ext_net_flat_physnet6"
    },
    {
      "extCps": [{
        "cpConfig": [{
          "cpProtocolData": [{
            "layerProtocol": "IP_OVER_ETHERNET",
            "ipOverEthernet": {
              "ipAddresses": [{
                "type": "IPV4",
                "fixedAddresses": [
                  "100.68.0.30"
                ],
                "subnetId": "notUsed"
              }]
            }
          }]
        }],
        "cpdId": "mgExt25ECP"
      }],
      "id": "mgExt25Network",
      "vimConnectionId": "vim_id",
      "resourceId": "CMG_Ext_net_flat_physnet5"
    },
    {
      "extCps": [{
        "cpConfig": [{
          "cpProtocolData": [{
            "layerProtocol": "IP_OVER_ETHERNET",
            "ipOverEthernet": {
              "ipAddresses": [{
                "type": "IPV4",
                "fixedAddresses": [
                  "100.68.0.31"
                ],
                "subnetId": "notUsed"
              }]
            }
          }]
        }],
        "cpdId": "mgExt26ECP"
      }],
      "id": "mgExt26Network",
      "vimConnectionId": "vim_id",
      "resourceId": "CMG_Ext_net_flat_physnet5"
    },
    {
      "extCps": [{
        "cpConfig": [{
          "cpProtocolData": [{
            "layerProtocol": "IP_OVER_ETHERNET",
            "ipOverEthernet": {
              "ipAddresses": [{
                "type": "IPV4",
                "fixedAddresses": [
                  "100.69.0.30"
                ],
                "subnetId": "notUsed"
              }]
            }
          }]
        }],
        "cpdId": "mgExt27ECP"
      }],
      "id": "mgExt27Network",
      "vimConnectionId": "vim_id",
      "resourceId": "CMG_Ext_net_flat_physnet6"
    },
    {
      "extCps": [{
        "cpConfig": [{
          "cpProtocolData": [{
            "layerProtocol": "IP_OVER_ETHERNET",
            "ipOverEthernet": {
              "ipAddresses": [{
                "type": "IPV4",
                "fixedAddresses": [
                  "100.69.0.31"
                ],
                "subnetId": "notUsed"
              }]
            }
          }]
        }],
        "cpdId": "mgExt28ECP"
      }],
      "id": "mgExt28Network",
      "vimConnectionId": "vim_id",
      "resourceId": "CMG_Ext_net_flat_physnet6"
    },
    {
      "extCps": [{
        "cpConfig": [{
          "cpProtocolData": [{
            "layerProtocol": "IP_OVER_ETHERNET",
            "ipOverEthernet": {
              "ipAddresses": [{
                "type": "IPV4",
                "fixedAddresses": [
                  "100.68.0.32"
                ],
                "subnetId": "notUsed"
              }]
            }
          }]
        }],
        "cpdId": "mgExt29ECP"
      }],
      "id": "mgExt29Network",
      "vimConnectionId": "vim_id",
      "resourceId": "CMG_Ext_net_flat_physnet5"
    },
    {
      "extCps": [{
        "cpConfig": [{
          "cpProtocolData": [{
            "layerProtocol": "IP_OVER_ETHERNET",
            "ipOverEthernet": {
              "ipAddresses": [{
                "type": "IPV4",
                "fixedAddresses": [
                  "100.68.0.33"
                ],
                "subnetId": "notUsed"
              }]
            }
          }]
        }],
        "cpdId": "mgExt30ECP"
      }],
      "id": "mgExt30Network",
      "vimConnectionId": "vim_id",
      "resourceId": "CMG_Ext_net_flat_physnet5"
    },
    {
      "extCps": [{
        "cpConfig": [{
          "cpProtocolData": [{
            "layerProtocol": "IP_OVER_ETHERNET",
            "ipOverEthernet": {
              "ipAddresses": [{
                "type": "IPV4",
                "fixedAddresses": [
                  "100.69.0.32"
                ],
                "subnetId": "notUsed"
              }]
            }
          }]
        }],
        "cpdId": "mgExt31ECP"
      }],
      "id": "mgExt31Network",
      "vimConnectionId": "vim_id",
      "resourceId": "CMG_Ext_net_flat_physnet6"
    },
    {
      "extCps": [{
        "cpConfig": [{
          "cpProtocolData": [{
            "layerProtocol": "IP_OVER_ETHERNET",
            "ipOverEthernet": {
              "ipAddresses": [{
                "type": "IPV4",
                "fixedAddresses": [
                  "100.69.0.33"
                ],
                "subnetId": "notUsed"
              }]
            }
          }]
        }],
        "cpdId": "mgExt32ECP"
      }],
      "id": "mgExt32Network",
      "vimConnectionId": "vim_id",
      "resourceId": "CMG_Ext_net_flat_physnet6"
    },
    {
      "extCps": [{
        "cpConfig": [{
          "cpProtocolData": [{
            "layerProtocol": "IP_OVER_ETHERNET",
            "ipOverEthernet": {
              "ipAddresses": [{
                "type": "IPV4",
                "fixedAddresses": [
                  "100.68.0.34"
                ],
                "subnetId": "notUsed"
              }]
            }
          }]
        }],
        "cpdId": "mgExt33ECP"
      }],
      "id": "mgExt33Network",
      "vimConnectionId": "vim_id",
      "resourceId": "CMG_Ext_net_flat_physnet5"
    },
    {
      "extCps": [{
        "cpConfig": [{
          "cpProtocolData": [{
            "layerProtocol": "IP_OVER_ETHERNET",
            "ipOverEthernet": {
              "ipAddresses": [{
                "type": "IPV4",
                "fixedAddresses": [
                  "100.68.0.35"
                ],
                "subnetId": "notUsed"
              }]
            }
          }]
        }],
        "cpdId": "mgExt34ECP"
      }],
      "id": "mgExt34Network",
      "vimConnectionId": "vim_id",
      "resourceId": "CMG_Ext_net_flat_physnet5"
    },
    {
      "extCps": [{
        "cpConfig": [{
          "cpProtocolData": [{
            "layerProtocol": "IP_OVER_ETHERNET",
            "ipOverEthernet": {
              "ipAddresses": [{
                "type": "IPV4",
                "fixedAddresses": [
                  "100.69.0.34"
                ],
                "subnetId": "notUsed"
              }]
            }
          }]
        }],
        "cpdId": "mgExt35ECP"
      }],
      "id": "mgExt35Network",
      "vimConnectionId": "vim_id",
      "resourceId": "CMG_Ext_net_flat_physnet6"
    },
    {
      "extCps": [{
        "cpConfig": [{
          "cpProtocolData": [{
            "layerProtocol": "IP_OVER_ETHERNET",
            "ipOverEthernet": {
              "ipAddresses": [{
                "type": "IPV4",
                "fixedAddresses": [
                  "100.69.0.35"
                ],
                "subnetId": "notUsed"
              }]
            }
          }]
        }],
        "cpdId": "mgExt36ECP"
      }],
      "id": "mgExt36Network",
      "vimConnectionId": "vim_id",
      "resourceId": "CMG_Ext_net_flat_physnet6"
    },
    {
      "extCps": [{
        "cpConfig": [{
          "cpProtocolData": [{
            "layerProtocol": "IP_OVER_ETHERNET",
            "ipOverEthernet": {
              "ipAddresses": [{
                "type": "IPV4",
                "fixedAddresses": [
                  "10.95.22.145"
                ],
                "subnetId": "CMG1OAMSECSubNet_BOF_UPF"
              }, {
                "type": "IPV4",
                "fixedAddresses": [
                  "10.95.22.146"
                ],
                "subnetId": "CMG1OAMSECSubNet_BOF_UPF"
              }]
            }
          }]
        }],
        "cpdId": "oamManagementECP"
      }],
      "id": "oamManagementNetwork",
      "vimConnectionId": "vim_id",
      "resourceId": "CMG1OAMSECNet_BOF_UPF"
    },
    {
      "extCps": [{
        "cpConfig": [{
          "cpProtocolData": [{
            "layerProtocol": "IP_OVER_ETHERNET",
            "ipOverEthernet": {
              "ipAddresses": [{
                "type": "$dbExternalIpType",
                "fixedAddresses": [
                  "$dbExternalIp"
                ],
                "subnetId": "notUsed"
              }]
            }
          }]
        }],
        "cpdId": "dbExtECP"
      }],
      "id": "dbExternalNetwork",
      "vimConnectionId": "vim_id",
      "resourceId": "$dbExternalNet"
    },
    {
      "extCps": [{
        "cpConfig": [{
          "cpProtocolData": [{
            "layerProtocol": "IP_OVER_ETHERNET",
            "ipOverEthernet": {
              "ipAddresses": [{
                "type": "$dbMgmtIpType",
                "fixedAddresses": [
                  "$dbMgmtIp"
                ],
                "subnetId": "notUsed"
              }]
            }
          }]
        }],
        "cpdId": "dbManagementECP"
      }],
      "id": "dbManagementNetwork",
      "vimConnectionId": "vim_id",
      "resourceId": "$dbManagementNet"
    }
  ],
  "grantlessMode": true,
  "computeResourceFlavours": [{
      "vimConnectionId": "vim_id",
      "vimFlavourId": "Flavor-CMG1-OAM-UPF",
      "vnfdVirtualComputeDescId": "oamCompute"
    },
    {
      "vimConnectionId": "vim_id",
      "vimFlavourId": "Flavor-CMG1-MG-UPF",
      "vnfdVirtualComputeDescId": "mgCompute"
    },
    {
      "vimConnectionId": "vim_id",
      "vimFlavourId": "Flavor-CMG1-LB-UPF",
      "vnfdVirtualComputeDescId": "loadBalancerCompute"
    },
    {
      "vimConnectionId": "vim_id",
      "vimFlavourId": "Flavor-CMG1-DB-UPF",
      "vnfdVirtualComputeDescId": "dbCompute"
    }
  ],
  "softwareImages": [{
      "vimConnectionId": "vim_id",
      "vnfdSoftwareImageId": "cmgImage",
      "vimSoftwareImageId": "7a362487-bfb0-40e6-89ce-ebc12202d57d"
    },
    {
      "vimConnectionId": "vim_id",
      "vnfdSoftwareImageId": "dbImage",
      "vimSoftwareImageId": "$dbImageUUID"
    }
  ],
  "zones": [{
      "id": "workingZones",
      "zoneId": "Performance-3",
      "vimConnectionId": "vim_id"
    },
    {
      "id": "protectZones",
      "zoneId": "Performance-4",
      "vimConnectionId": "vim_id"
    }
  ]
}
