{
  "apiVersion": "4.0",
  "extManagedVirtualLinks": [{
      "id": "controlSwitchFabric1Network",
      "vimConnectionId": "vim_id",
      "resourceId": "$controlSwitchFabric1Net",
      "virtualLinkDescId": "controlSwitchFabric1VL"
    },
    {
      "id": "controlSwitchFabric2Network",
      "vimConnectionId": "vim_id",
      "resourceId": "$controlSwitchFabric2Net",
      "virtualLinkDescId": "controlSwitchFabric2VL"
    },
    {
      "id": "dataSwitchFabric1Network",
      "vimConnectionId": "vim_id",
      "resourceId": "$dataSwitchFabric1Net",
      "virtualLinkDescId": "dataSwitchFabric1VL"
    },
    {
      "id": "dataSwitchFabric2Network",
      "vimConnectionId": "vim_id",
      "resourceId": "$dataSwitchFabric2Net",
      "virtualLinkDescId": "dataSwitchFabric2VL"
    }
  ],
  "extVirtualLinks": [{
      "extCps": [{
        "cpConfig": [{
          "cpProtocolData": [{
            "layerProtocol": "IP_OVER_ETHERNET",
            "ipOverEthernet": {
              "ipAddresses": [{
                "type": "$loadBalancerExt1IpType",
                "fixedAddresses": [
                  "$loadBalancerExt1Ip"
                ],
                "subnetId": "notUsed"
              }]
            }
          }]
        }],
        "cpdId": "loadBalancerExt1ECP"
      }],
      "id": "loadBalancerExt1Network",
      "vimConnectionId": "vim_id",
      "resourceId": "$extConnectNet1"
    },
    {
      "extCps": [{
        "cpConfig": [{
          "cpProtocolData": [{
            "layerProtocol": "IP_OVER_ETHERNET",
            "ipOverEthernet": {
              "ipAddresses": [{
                "type": "$loadBalancerExt2IpType",
                "fixedAddresses": [
                  "$loadBalancerExt2Ip"
                ],
                "subnetId": "notUsed"
              }]
            }
          }]
        }],
        "cpdId": "loadBalancerExt2ECP"
      }],
      "id": "loadBalancerExt2Network",
      "vimConnectionId": "vim_id",
      "resourceId": "$extConnectNet2"
    },
    {
      "extCps": [{
        "cpConfig": [{
          "cpProtocolData": [{
            "layerProtocol": "IP_OVER_ETHERNET",
            "ipOverEthernet": {
              "ipAddresses": [{
                "type": "$loadBalancerExt3IpType",
                "fixedAddresses": [
                  "$loadBalancerExt3Ip"
                ],
                "subnetId": "notUsed"
              }]
            }
          }]
        }],
        "cpdId": "loadBalancerExt3ECP"
      }],
      "id": "loadBalancerExt3Network",
      "vimConnectionId": "vim_id",
      "resourceId": "$extConnectNet3"
    },
    {
      "extCps": [{
        "cpConfig": [{
          "cpProtocolData": [{
            "layerProtocol": "IP_OVER_ETHERNET",
            "ipOverEthernet": {
              "ipAddresses": [{
                "type": "$loadBalancerExt4IpType",
                "fixedAddresses": [
                  "$loadBalancerExt4Ip"
                ],
                "subnetId": "notUsed"
              }]
            }
          }]
        }],
        "cpdId": "loadBalancerExt4ECP"
      }],
      "id": "loadBalancerExt4Network",
      "vimConnectionId": "vim_id",
      "resourceId": "$extConnectNet4"
    },
    {
      "extCps": [{
        "cpConfig": [{
          "cpProtocolData": [{
            "layerProtocol": "IP_OVER_ETHERNET",
            "ipOverEthernet": {
              "ipAddresses": [{
                "type": "$loadBalancerExt5IpType",
                "fixedAddresses": [
                  "$loadBalancerExt5Ip"
                ],
                "subnetId": "notUsed"
              }]
            }
          }]
        }],
        "cpdId": "loadBalancerExt5ECP"
      }],
      "id": "loadBalancerExt5Network",
      "vimConnectionId": "vim_id",
      "resourceId": "$extConnectNet5"
    },
    {
      "extCps": [{
        "cpConfig": [{
          "cpProtocolData": [{
            "layerProtocol": "IP_OVER_ETHERNET",
            "ipOverEthernet": {
              "ipAddresses": [{
                "type": "$loadBalancerExt6IpType",
                "fixedAddresses": [
                  "$loadBalancerExt6Ip"
                ],
                "subnetId": "notUsed"
              }]
            }
          }]
        }],
        "cpdId": "loadBalancerExt6ECP"
      }],
      "id": "loadBalancerExt6Network",
      "vimConnectionId": "vim_id",
      "resourceId": "$extConnectNet6"
    },
    {
      "extCps": [{
        "cpConfig": [{
          "cpProtocolData": [{
            "layerProtocol": "IP_OVER_ETHERNET",
            "ipOverEthernet": {
              "ipAddresses": [{
                "type": "$loadBalancerExt7IpType",
                "fixedAddresses": [
                  "$loadBalancerExt7Ip"
                ],
                "subnetId": "notUsed"
              }]
            }
          }]
        }],
        "cpdId": "loadBalancerExt7ECP"
      }],
      "id": "loadBalancerExt7Network",
      "vimConnectionId": "vim_id",
      "resourceId": "$extConnectNet7"
    },
    {
      "extCps": [{
        "cpConfig": [{
          "cpProtocolData": [{
            "layerProtocol": "IP_OVER_ETHERNET",
            "ipOverEthernet": {
              "ipAddresses": [{
                "type": "$loadBalancerExt8IpType",
                "fixedAddresses": [
                  "$loadBalancerExt8Ip"
                ],
                "subnetId": "notUsed"
              }]
            }
          }]
        }],
        "cpdId": "loadBalancerExt8ECP"
      }],
      "id": "loadBalancerExt8Network",
      "vimConnectionId": "vim_id",
      "resourceId": "$extConnectNet8"
    },
    {
      "extCps": [{
        "cpConfig": [{
          "cpProtocolData": [{
            "layerProtocol": "IP_OVER_ETHERNET",
            "ipOverEthernet": {
              "ipAddresses": [{
                "type": "$loadBalancerExt9IpType",
                "fixedAddresses": [
                  "$loadBalancerExt9Ip"
                ],
                "subnetId": "notUsed"
              }]
            }
          }]
        }],
        "cpdId": "loadBalancerExt9ECP"
      }],
      "id": "loadBalancerExt9Network",
      "vimConnectionId": "vim_id",
      "resourceId": "$extConnectNet9"
    },
    {
      "extCps": [{
        "cpConfig": [{
          "cpProtocolData": [{
            "layerProtocol": "IP_OVER_ETHERNET",
            "ipOverEthernet": {
              "ipAddresses": [{
                "type": "$loadBalancerExt10IpType",
                "fixedAddresses": [
                  "$loadBalancerExt10Ip"
                ],
                "subnetId": "notUsed"
              }]
            }
          }]
        }],
        "cpdId": "loadBalancerExt10ECP"
      }],
      "id": "loadBalancerExt10Network",
      "vimConnectionId": "vim_id",
      "resourceId": "$extConnectNet10"
    },
    {
      "extCps": [{
        "cpConfig": [{
          "cpProtocolData": [{
            "layerProtocol": "IP_OVER_ETHERNET",
            "ipOverEthernet": {
              "ipAddresses": [{
                "type": "$loadBalancerExt11IpType",
                "fixedAddresses": [
                  "$loadBalancerExt11Ip"
                ],
                "subnetId": "notUsed"
              }]
            }
          }]
        }],
        "cpdId": "loadBalancerExt11ECP"
      }],
      "id": "loadBalancerExt11Network",
      "vimConnectionId": "vim_id",
      "resourceId": "$extConnectNet11"
    },
    {
      "extCps": [{
        "cpConfig": [{
          "cpProtocolData": [{
            "layerProtocol": "IP_OVER_ETHERNET",
            "ipOverEthernet": {
              "ipAddresses": [{
                "type": "$loadBalancerExt12IpType",
                "fixedAddresses": [
                  "$loadBalancerExt12Ip"
                ],
                "subnetId": "notUsed"
              }]
            }
          }]
        }],
        "cpdId": "loadBalancerExt12ECP"
      }],
      "id": "loadBalancerExt12Network",
      "vimConnectionId": "vim_id",
      "resourceId": "$extConnectNet12"
    },
    {
      "extCps": [{
        "cpConfig": [{
          "cpProtocolData": [{
            "layerProtocol": "IP_OVER_ETHERNET",
            "ipOverEthernet": {
              "ipAddresses": [{
                "type": "$loadBalancerExt13IpType",
                "fixedAddresses": [
                  "$loadBalancerExt13Ip"
                ],
                "subnetId": "notUsed"
              }]
            }
          }]
        }],
        "cpdId": "loadBalancerExt13ECP"
      }],
      "id": "loadBalancerExt13Network",
      "vimConnectionId": "vim_id",
      "resourceId": "$extConnectNet13"
    },
    {
      "extCps": [{
        "cpConfig": [{
          "cpProtocolData": [{
            "layerProtocol": "IP_OVER_ETHERNET",
            "ipOverEthernet": {
              "ipAddresses": [{
                "type": "$loadBalancerExt14IpType",
                "fixedAddresses": [
                  "$loadBalancerExt14Ip"
                ],
                "subnetId": "notUsed"
              }]
            }
          }]
        }],
        "cpdId": "loadBalancerExt14ECP"
      }],
      "id": "loadBalancerExt14Network",
      "vimConnectionId": "vim_id",
      "resourceId": "$extConnectNet14"
    },
    {
      "extCps": [{
        "cpConfig": [{
          "cpProtocolData": [{
            "layerProtocol": "IP_OVER_ETHERNET",
            "ipOverEthernet": {
              "ipAddresses": [{
                "type": "$loadBalancerExt15IpType",
                "fixedAddresses": [
                  "$loadBalancerExt15Ip"
                ],
                "subnetId": "notUsed"
              }]
            }
          }]
        }],
        "cpdId": "loadBalancerExt15ECP"
      }],
      "id": "loadBalancerExt15Network",
      "vimConnectionId": "vim_id",
      "resourceId": "$extConnectNet15"
    },
    {
      "extCps": [{
        "cpConfig": [{
          "cpProtocolData": [{
            "layerProtocol": "IP_OVER_ETHERNET",
            "ipOverEthernet": {
              "ipAddresses": [{
                "type": "$loadBalancerExt16IpType",
                "fixedAddresses": [
                  "$loadBalancerExt16Ip"
                ],
                "subnetId": "notUsed"
              }]
            }
          }]
        }],
        "cpdId": "loadBalancerExt16ECP"
      }],
      "id": "loadBalancerExt16Network",
      "vimConnectionId": "vim_id",
      "resourceId": "$extConnectNet16"
    },
    {
      "extCps": [{
        "cpConfig": [{
          "cpProtocolData": [{
            "layerProtocol": "IP_OVER_ETHERNET",
            "ipOverEthernet": {
              "ipAddresses": [{
                "type": "$mgExt1IpType",
                "fixedAddresses": [
                  "$mgExt1Ip"
                ],
                "subnetId": "notUsed"
              }]
            }
          }]
        }],
        "cpdId": "mgExt1ECP"
      }],
      "id": "mgExt1Network",
      "vimConnectionId": "vim_id",
      "resourceId": "$mgExt1Net"
    },
    {
      "extCps": [{
        "cpConfig": [{
          "cpProtocolData": [{
            "layerProtocol": "IP_OVER_ETHERNET",
            "ipOverEthernet": {
              "ipAddresses": [{
                "type": "$mgExt2IpType",
                "fixedAddresses": [
                  "$mgExt2Ip"
                ],
                "subnetId": "notUsed"
              }]
            }
          }]
        }],
        "cpdId": "mgExt2ECP"
      }],
      "id": "mgExt2Network",
      "vimConnectionId": "vim_id",
      "resourceId": "$mgExt2Net"
    },
    {
      "extCps": [{
        "cpConfig": [{
          "cpProtocolData": [{
            "layerProtocol": "IP_OVER_ETHERNET",
            "ipOverEthernet": {
              "ipAddresses": [{
                "type": "$mgExt3IpType",
                "fixedAddresses": [
                  "$mgExt3Ip"
                ],
                "subnetId": "notUsed"
              }]
            }
          }]
        }],
        "cpdId": "mgExt3ECP"
      }],
      "id": "mgExt3Network",
      "vimConnectionId": "vim_id",
      "resourceId": "$mgExt3Net"
    },
    {
      "extCps": [{
        "cpConfig": [{
          "cpProtocolData": [{
            "layerProtocol": "IP_OVER_ETHERNET",
            "ipOverEthernet": {
              "ipAddresses": [{
                "type": "$mgExt4IpType",
                "fixedAddresses": [
                  "$mgExt4Ip"
                ],
                "subnetId": "notUsed"
              }]
            }
          }]
        }],
        "cpdId": "mgExt4ECP"
      }],
      "id": "mgExt4Network",
      "vimConnectionId": "vim_id",
      "resourceId": "$mgExt4Net"
    },
    {
      "extCps": [{
        "cpConfig": [{
          "cpProtocolData": [{
            "layerProtocol": "IP_OVER_ETHERNET",
            "ipOverEthernet": {
              "ipAddresses": [{
                "type": "$mgExt5IpType",
                "fixedAddresses": [
                  "$mgExt5Ip"
                ],
                "subnetId": "notUsed"
              }]
            }
          }]
        }],
        "cpdId": "mgExt5ECP"
      }],
      "id": "mgExt5Network",
      "vimConnectionId": "vim_id",
      "resourceId": "$mgExt5Net"
    },
    {
      "extCps": [{
        "cpConfig": [{
          "cpProtocolData": [{
            "layerProtocol": "IP_OVER_ETHERNET",
            "ipOverEthernet": {
              "ipAddresses": [{
                "type": "$mgExt6IpType",
                "fixedAddresses": [
                  "$mgExt6Ip"
                ],
                "subnetId": "notUsed"
              }]
            }
          }]
        }],
        "cpdId": "mgExt6ECP"
      }],
      "id": "mgExt6Network",
      "vimConnectionId": "vim_id",
      "resourceId": "$mgExt6Net"
    },
    {
      "extCps": [{
        "cpConfig": [{
          "cpProtocolData": [{
            "layerProtocol": "IP_OVER_ETHERNET",
            "ipOverEthernet": {
              "ipAddresses": [{
                "type": "$mgExt7IpType",
                "fixedAddresses": [
                  "$mgExt7Ip"
                ],
                "subnetId": "notUsed"
              }]
            }
          }]
        }],
        "cpdId": "mgExt7ECP"
      }],
      "id": "mgExt7Network",
      "vimConnectionId": "vim_id",
      "resourceId": "$mgExt7Net"
    },
    {
      "extCps": [{
        "cpConfig": [{
          "cpProtocolData": [{
            "layerProtocol": "IP_OVER_ETHERNET",
            "ipOverEthernet": {
              "ipAddresses": [{
                "type": "$mgExt8IpType",
                "fixedAddresses": [
                  "$mgExt8Ip"
                ],
                "subnetId": "notUsed"
              }]
            }
          }]
        }],
        "cpdId": "mgExt8ECP"
      }],
      "id": "mgExt8Network",
      "vimConnectionId": "vim_id",
      "resourceId": "$mgExt8Net"
    },
    {
      "extCps": [{
        "cpConfig": [{
          "cpProtocolData": [{
            "layerProtocol": "IP_OVER_ETHERNET",
            "ipOverEthernet": {
              "ipAddresses": [{
                "type": "$mgExt9IpType",
                "fixedAddresses": [
                  "$mgExt9Ip"
                ],
                "subnetId": "notUsed"
              }]
            }
          }]
        }],
        "cpdId": "mgExt9ECP"
      }],
      "id": "mgExt9Network",
      "vimConnectionId": "vim_id",
      "resourceId": "$mgExt9Net"
    },
    {
      "extCps": [{
        "cpConfig": [{
          "cpProtocolData": [{
            "layerProtocol": "IP_OVER_ETHERNET",
            "ipOverEthernet": {
              "ipAddresses": [{
                "type": "$mgExt10IpType",
                "fixedAddresses": [
                  "$mgExt10Ip"
                ],
                "subnetId": "notUsed"
              }]
            }
          }]
        }],
        "cpdId": "mgExt10ECP"
      }],
      "id": "mgExt10Network",
      "vimConnectionId": "vim_id",
      "resourceId": "$mgExt10Net"
    },
    {
      "extCps": [{
        "cpConfig": [{
          "cpProtocolData": [{
            "layerProtocol": "IP_OVER_ETHERNET",
            "ipOverEthernet": {
              "ipAddresses": [{
                "type": "$mgExt11IpType",
                "fixedAddresses": [
                  "$mgExt11Ip"
                ],
                "subnetId": "notUsed"
              }]
            }
          }]
        }],
        "cpdId": "mgExt11ECP"
      }],
      "id": "mgExt11Network",
      "vimConnectionId": "vim_id",
      "resourceId": "$mgExt11Net"
    },
    {
      "extCps": [{
        "cpConfig": [{
          "cpProtocolData": [{
            "layerProtocol": "IP_OVER_ETHERNET",
            "ipOverEthernet": {
              "ipAddresses": [{
                "type": "$mgExt12IpType",
                "fixedAddresses": [
                  "$mgExt12Ip"
                ],
                "subnetId": "notUsed"
              }]
            }
          }]
        }],
        "cpdId": "mgExt12ECP"
      }],
      "id": "mgExt12Network",
      "vimConnectionId": "vim_id",
      "resourceId": "$mgExt12Net"
    },
    {
      "extCps": [{
        "cpConfig": [{
          "cpProtocolData": [{
            "layerProtocol": "IP_OVER_ETHERNET",
            "ipOverEthernet": {
              "ipAddresses": [{
                "type": "$mgExt13IpType",
                "fixedAddresses": [
                  "$mgExt13Ip"
                ],
                "subnetId": "notUsed"
              }]
            }
          }]
        }],
        "cpdId": "mgExt13ECP"
      }],
      "id": "mgExt13Network",
      "vimConnectionId": "vim_id",
      "resourceId": "$mgExt13Net"
    },
    {
      "extCps": [{
        "cpConfig": [{
          "cpProtocolData": [{
            "layerProtocol": "IP_OVER_ETHERNET",
            "ipOverEthernet": {
              "ipAddresses": [{
                "type": "$mgExt14IpType",
                "fixedAddresses": [
                  "$mgExt14Ip"
                ],
                "subnetId": "notUsed"
              }]
            }
          }]
        }],
        "cpdId": "mgExt14ECP"
      }],
      "id": "mgExt14Network",
      "vimConnectionId": "vim_id",
      "resourceId": "$mgExt14Net"
    },
    {
      "extCps": [{
        "cpConfig": [{
          "cpProtocolData": [{
            "layerProtocol": "IP_OVER_ETHERNET",
            "ipOverEthernet": {
              "ipAddresses": [{
                "type": "$mgExt15IpType",
                "fixedAddresses": [
                  "$mgExt15Ip"
                ],
                "subnetId": "notUsed"
              }]
            }
          }]
        }],
        "cpdId": "mgExt15ECP"
      }],
      "id": "mgExt15Network",
      "vimConnectionId": "vim_id",
      "resourceId": "$mgExt15Net"
    },
    {
      "extCps": [{
        "cpConfig": [{
          "cpProtocolData": [{
            "layerProtocol": "IP_OVER_ETHERNET",
            "ipOverEthernet": {
              "ipAddresses": [{
                "type": "$mgExt16IpType",
                "fixedAddresses": [
                  "$mgExt16Ip"
                ],
                "subnetId": "notUsed"
              }]
            }
          }]
        }],
        "cpdId": "mgExt16ECP"
      }],
      "id": "mgExt16Network",
      "vimConnectionId": "vim_id",
      "resourceId": "$mgExt16Net"
    },
    {
      "extCps": [{
        "cpConfig": [{
          "cpProtocolData": [{
            "layerProtocol": "IP_OVER_ETHERNET",
            "ipOverEthernet": {
              "ipAddresses": [{
                "type": "$mgExt17IpType",
                "fixedAddresses": [
                  "$mgExt17Ip"
                ],
                "subnetId": "notUsed"
              }]
            }
          }]
        }],
        "cpdId": "mgExt17ECP"
      }],
      "id": "mgExt17Network",
      "vimConnectionId": "vim_id",
      "resourceId": "$mgExt17Net"
    },
    {
      "extCps": [{
        "cpConfig": [{
          "cpProtocolData": [{
            "layerProtocol": "IP_OVER_ETHERNET",
            "ipOverEthernet": {
              "ipAddresses": [{
                "type": "$mgExt18IpType",
                "fixedAddresses": [
                  "$mgExt18Ip"
                ],
                "subnetId": "notUsed"
              }]
            }
          }]
        }],
        "cpdId": "mgExt18ECP"
      }],
      "id": "mgExt18Network",
      "vimConnectionId": "vim_id",
      "resourceId": "$mgExt18Net"
    },
    {
      "extCps": [{
        "cpConfig": [{
          "cpProtocolData": [{
            "layerProtocol": "IP_OVER_ETHERNET",
            "ipOverEthernet": {
              "ipAddresses": [{
                "type": "$mgExt19IpType",
                "fixedAddresses": [
                  "$mgExt19Ip"
                ],
                "subnetId": "notUsed"
              }]
            }
          }]
        }],
        "cpdId": "mgExt19ECP"
      }],
      "id": "mgExt19Network",
      "vimConnectionId": "vim_id",
      "resourceId": "$mgExt19Net"
    },
    {
      "extCps": [{
        "cpConfig": [{
          "cpProtocolData": [{
            "layerProtocol": "IP_OVER_ETHERNET",
            "ipOverEthernet": {
              "ipAddresses": [{
                "type": "$mgExt20IpType",
                "fixedAddresses": [
                  "$mgExt20Ip"
                ],
                "subnetId": "notUsed"
              }]
            }
          }]
        }],
        "cpdId": "mgExt20ECP"
      }],
      "id": "mgExt20Network",
      "vimConnectionId": "vim_id",
      "resourceId": "$mgExt20Net"
    },
    {
      "extCps": [{
        "cpConfig": [{
          "cpProtocolData": [{
            "layerProtocol": "IP_OVER_ETHERNET",
            "ipOverEthernet": {
              "ipAddresses": [{
                "type": "$mgExt21IpType",
                "fixedAddresses": [
                  "$mgExt21Ip"
                ],
                "subnetId": "notUsed"
              }]
            }
          }]
        }],
        "cpdId": "mgExt21ECP"
      }],
      "id": "mgExt21Network",
      "vimConnectionId": "vim_id",
      "resourceId": "$mgExt21Net"
    },
    {
      "extCps": [{
        "cpConfig": [{
          "cpProtocolData": [{
            "layerProtocol": "IP_OVER_ETHERNET",
            "ipOverEthernet": {
              "ipAddresses": [{
                "type": "$mgExt22IpType",
                "fixedAddresses": [
                  "$mgExt22Ip"
                ],
                "subnetId": "notUsed"
              }]
            }
          }]
        }],
        "cpdId": "mgExt22ECP"
      }],
      "id": "mgExt22Network",
      "vimConnectionId": "vim_id",
      "resourceId": "$mgExt22Net"
    },
    {
      "extCps": [{
        "cpConfig": [{
          "cpProtocolData": [{
            "layerProtocol": "IP_OVER_ETHERNET",
            "ipOverEthernet": {
              "ipAddresses": [{
                "type": "$mgExt23IpType",
                "fixedAddresses": [
                  "$mgExt23Ip"
                ],
                "subnetId": "notUsed"
              }]
            }
          }]
        }],
        "cpdId": "mgExt23ECP"
      }],
      "id": "mgExt23Network",
      "vimConnectionId": "vim_id",
      "resourceId": "$mgExt23Net"
    },
    {
      "extCps": [{
        "cpConfig": [{
          "cpProtocolData": [{
            "layerProtocol": "IP_OVER_ETHERNET",
            "ipOverEthernet": {
              "ipAddresses": [{
                "type": "$mgExt24IpType",
                "fixedAddresses": [
                  "$mgExt24Ip"
                ],
                "subnetId": "notUsed"
              }]
            }
          }]
        }],
        "cpdId": "mgExt24ECP"
      }],
      "id": "mgExt24Network",
      "vimConnectionId": "vim_id",
      "resourceId": "$mgExt24Net"
    },
    {
      "extCps": [{
        "cpConfig": [{
          "cpProtocolData": [{
            "layerProtocol": "IP_OVER_ETHERNET",
            "ipOverEthernet": {
              "ipAddresses": [{
                "type": "$mgExt25IpType",
                "fixedAddresses": [
                  "$mgExt25Ip"
                ],
                "subnetId": "notUsed"
              }]
            }
          }]
        }],
        "cpdId": "mgExt25ECP"
      }],
      "id": "mgExt25Network",
      "vimConnectionId": "vim_id",
      "resourceId": "$mgExt25Net"
    },
    {
      "extCps": [{
        "cpConfig": [{
          "cpProtocolData": [{
            "layerProtocol": "IP_OVER_ETHERNET",
            "ipOverEthernet": {
              "ipAddresses": [{
                "type": "$mgExt26IpType",
                "fixedAddresses": [
                  "$mgExt26Ip"
                ],
                "subnetId": "notUsed"
              }]
            }
          }]
        }],
        "cpdId": "mgExt26ECP"
      }],
      "id": "mgExt26Network",
      "vimConnectionId": "vim_id",
      "resourceId": "$mgExt26Net"
    },
    {
      "extCps": [{
        "cpConfig": [{
          "cpProtocolData": [{
            "layerProtocol": "IP_OVER_ETHERNET",
            "ipOverEthernet": {
              "ipAddresses": [{
                "type": "$mgExt27IpType",
                "fixedAddresses": [
                  "$mgExt27Ip"
                ],
                "subnetId": "notUsed"
              }]
            }
          }]
        }],
        "cpdId": "mgExt27ECP"
      }],
      "id": "mgExt27Network",
      "vimConnectionId": "vim_id",
      "resourceId": "$mgExt27Net"
    },
    {
      "extCps": [{
        "cpConfig": [{
          "cpProtocolData": [{
            "layerProtocol": "IP_OVER_ETHERNET",
            "ipOverEthernet": {
              "ipAddresses": [{
                "type": "$mgExt28IpType",
                "fixedAddresses": [
                  "$mgExt28Ip"
                ],
                "subnetId": "notUsed"
              }]
            }
          }]
        }],
        "cpdId": "mgExt28ECP"
      }],
      "id": "mgExt28Network",
      "vimConnectionId": "vim_id",
      "resourceId": "$mgExt28Net"
    },
    {
      "extCps": [{
        "cpConfig": [{
          "cpProtocolData": [{
            "layerProtocol": "IP_OVER_ETHERNET",
            "ipOverEthernet": {
              "ipAddresses": [{
                "type": "$mgExt29IpType",
                "fixedAddresses": [
                  "$mgExt29Ip"
                ],
                "subnetId": "notUsed"
              }]
            }
          }]
        }],
        "cpdId": "mgExt29ECP"
      }],
      "id": "mgExt29Network",
      "vimConnectionId": "vim_id",
      "resourceId": "$mgExt29Net"
    },
    {
      "extCps": [{
        "cpConfig": [{
          "cpProtocolData": [{
            "layerProtocol": "IP_OVER_ETHERNET",
            "ipOverEthernet": {
              "ipAddresses": [{
                "type": "$mgExt30IpType",
                "fixedAddresses": [
                  "$mgExt30Ip"
                ],
                "subnetId": "notUsed"
              }]
            }
          }]
        }],
        "cpdId": "mgExt30ECP"
      }],
      "id": "mgExt30Network",
      "vimConnectionId": "vim_id",
      "resourceId": "$mgExt30Net"
    },
    {
      "extCps": [{
        "cpConfig": [{
          "cpProtocolData": [{
            "layerProtocol": "IP_OVER_ETHERNET",
            "ipOverEthernet": {
              "ipAddresses": [{
                "type": "$mgExt31IpType",
                "fixedAddresses": [
                  "$mgExt31Ip"
                ],
                "subnetId": "notUsed"
              }]
            }
          }]
        }],
        "cpdId": "mgExt31ECP"
      }],
      "id": "mgExt31Network",
      "vimConnectionId": "vim_id",
      "resourceId": "$mgExt31Net"
    },
    {
      "extCps": [{
        "cpConfig": [{
          "cpProtocolData": [{
            "layerProtocol": "IP_OVER_ETHERNET",
            "ipOverEthernet": {
              "ipAddresses": [{
                "type": "$mgExt32IpType",
                "fixedAddresses": [
                  "$mgExt32Ip"
                ],
                "subnetId": "notUsed"
              }]
            }
          }]
        }],
        "cpdId": "mgExt32ECP"
      }],
      "id": "mgExt32Network",
      "vimConnectionId": "vim_id",
      "resourceId": "$mgExt32Net"
    },
    {
      "extCps": [{
        "cpConfig": [{
          "cpProtocolData": [{
            "layerProtocol": "IP_OVER_ETHERNET",
            "ipOverEthernet": {
              "ipAddresses": [{
                "type": "$mgExt33IpType",
                "fixedAddresses": [
                  "$mgExt33Ip"
                ],
                "subnetId": "notUsed"
              }]
            }
          }]
        }],
        "cpdId": "mgExt33ECP"
      }],
      "id": "mgExt33Network",
      "vimConnectionId": "vim_id",
      "resourceId": "$mgExt33Net"
    },
    {
      "extCps": [{
        "cpConfig": [{
          "cpProtocolData": [{
            "layerProtocol": "IP_OVER_ETHERNET",
            "ipOverEthernet": {
              "ipAddresses": [{
                "type": "$mgExt34IpType",
                "fixedAddresses": [
                  "$mgExt34Ip"
                ],
                "subnetId": "notUsed"
              }]
            }
          }]
        }],
        "cpdId": "mgExt34ECP"
      }],
      "id": "mgExt34Network",
      "vimConnectionId": "vim_id",
      "resourceId": "$mgExt34Net"
    },
    {
      "extCps": [{
        "cpConfig": [{
          "cpProtocolData": [{
            "layerProtocol": "IP_OVER_ETHERNET",
            "ipOverEthernet": {
              "ipAddresses": [{
                "type": "$mgExt35IpType",
                "fixedAddresses": [
                  "$mgExt35Ip"
                ],
                "subnetId": "notUsed"
              }]
            }
          }]
        }],
        "cpdId": "mgExt35ECP"
      }],
      "id": "mgExt35Network",
      "vimConnectionId": "vim_id",
      "resourceId": "$mgExt35Net"
    },
    {
      "extCps": [{
        "cpConfig": [{
          "cpProtocolData": [{
            "layerProtocol": "IP_OVER_ETHERNET",
            "ipOverEthernet": {
              "ipAddresses": [{
                "type": "$mgExt36IpType",
                "fixedAddresses": [
                  "$mgExt36Ip"
                ],
                "subnetId": "notUsed"
              }]
            }
          }]
        }],
        "cpdId": "mgExt36ECP"
      }],
      "id": "mgExt36Network",
      "vimConnectionId": "vim_id",
      "resourceId": "$mgExt36Net"
    },
    {
      "extCps": [{
        "cpConfig": [{
          "cpProtocolData": [{
            "layerProtocol": "IP_OVER_ETHERNET",
            "ipOverEthernet": {
              "ipAddresses": [{
                "type": "$activeMgmtIpType",
                "fixedAddresses": [
                  "$activeMgmtIp"
                ],
                "subnetId": "notUsed"
              }, {
                "type": "$standbyMgmtIpType",
                "fixedAddresses": [
                  "$standbyMgmtIp"
                ],
                "subnetId": "notUsed"
              }]
            }
          }]
        }],
        "cpdId": "oamManagementECP"
      }],
      "id": "oamManagementNetwork",
      "vimConnectionId": "vim_id",
      "resourceId": "$oamManagementNet"
    },
    {
      "extCps": [{
        "cpConfig": [{
          "cpProtocolData": [{
            "layerProtocol": "IP_OVER_ETHERNET",
            "ipOverEthernet": {
              "ipAddresses": [{
                "type": "$dbExternalIpType",
                "fixedAddresses": [
                  "$dbExternalIp"
                ],
                "subnetId": "notUsed"
              }]
            }
          }]
        }],
        "cpdId": "dbExtECP"
      }],
      "id": "dbExternalNetwork",
      "vimConnectionId": "vim_id",
      "resourceId": "$dbExternalNet"
    },
    {
      "extCps": [{
        "cpConfig": [{
          "cpProtocolData": [{
            "layerProtocol": "IP_OVER_ETHERNET",
            "ipOverEthernet": {
              "ipAddresses": [{
                "type": "$dbMgmtIpType",
                "fixedAddresses": [
                  "$dbMgmtIp"
                ],
                "subnetId": "notUsed"
              }]
            }
          }]
        }],
        "cpdId": "dbManagementECP"
      }],
      "id": "dbManagementNetwork",
      "vimConnectionId": "vim_id",
      "resourceId": "$dbManagementNet"
    }
  ],
  "computeResourceFlavours": [{
      "vimConnectionId": "vim_id",
      "vimFlavourId": "$OAMVMFlavor",
      "vnfdVirtualComputeDescId": "oamCompute"
    },
    {
      "vimConnectionId": "vim_id",
      "vimFlavourId": "$MGVMFlavor",
      "vnfdVirtualComputeDescId": "mgCompute"
    },
    {
      "vimConnectionId": "vim_id",
      "vimFlavourId": "$LBVMFlavor",
      "vnfdVirtualComputeDescId": "loadBalancerCompute"
    },
    {
      "vimConnectionId": "vim_id",
      "vimFlavourId": "$DBVMFlavor",
      "vnfdVirtualComputeDescId": "dbCompute"
    }
  ],
  "softwareImages": [{
      "vimConnectionId": "vim_id",
      "vnfdSoftwareImageId": "cmgImage",
      "vimSoftwareImageId": "$ImageUUID"
    },
    {
      "vimConnectionId": "vim_id",
      "vnfdSoftwareImageId": "dbImage",
      "vimSoftwareImageId": "$dbImageUUID"
    }
  ],
  "zones": [{
      "id": "workingZones",
      "zoneId": "$Zone1",
      "vimConnectionId": "vim_id"
    },
    {
      "id": "protectZones",
      "zoneId": "$Zone2",
      "vimConnectionId": "vim_id"
    }
  ],
  "extensions": {
    "systemIpAddr": "$SytemIp",
    "staticRoute": "static-route=0.0.0.0/0@6.6.6.1",
    "primaryConfigFile": "ftp://*:*@6.6.6.1/regressbed/images/dut-a.cfg",
    "licenseFile": "ftp://*:*@6.6.6.1/regressbed/images/vmLICENSE/timos.vsr-all.txt",
    "securityGroup": "srGrp",
    "oamManagementNetmask": "24",
    "dataSwitchFabric1Vlan": "100",
    "dataSwitchFabric2Vlan": "200",
    "oamCompactFlash1Size": "2",
    "oamCompactFlash2Size": "2",
    "externalIpAddressList": "0.0.0.0/0",
    "csfFailureDetectionTimer": "100",
    "hyperThreadingSupportValue": "0",
    "controlPlaneCores": "4",
    "compactFp": "0",
    "multipleNicTasks": "0",
    "snmpCommunity": "private",
    "vnfHostname": "CloudMG",
    "mtu": "9000",
    "l3Connectivity": "0",
    "controlSwitchFabric1Cidr": "1.0.1.0/24",
    "controlSwitchFabric2Cidr": "1.0.2.0/24",
    "dataSwitchFabric1Cidr": "1.0.3.0/24",
    "dataSwitchFabric2Cidr": "1.0.4.0/24",
    "scaleConfig": true,
    "oamUsername": "admin",
    "oamPassword": "admin",
    "oamActiveVirtualIp": "15.227.17.40",
    "oamStandbyVirtualIp": "15.227.17.41",
    "dataSwitchFabric1SubnetId": "dataSwitchFabric1Subnet",
    "dataSwitchFabric2SubnetId": "dataSwitchFabric2Subnet",
    "dbManagementNetmask": "26",
    "dbManagementGatewayIp": "15.227.19.1",
    "numberOfRedisInstances": "4",
    "numberOfUserWorkers": "5",
    "numberOfCtrlWorkers": "5",
    "dbUsername": "cmguser",
    "dbPassword": "password",
    "dbExternalNetmask": "24",
    "mgLbManagementCidr": "1.0.5.0/24",
    "mgLbManagementGatewayIp": "1.0.5.1",
    "vf2vf": "0",
    "sessionDeletionRate": "2048",
    "primaryDnsServerIp": "115.45.55.70",
    "secondaryDnsServerIp": "115.45.55.80",
    "hybridMode": false,
    "controlSwitchFabric1SubnetId": "controlSwitchFabric1Subnet",
    "controlSwitchFabric2SubnetId": "controlSwitchFabric2Subnet",
    "controlSwitchFabric1Vlan": "150",
    "controlSwitchFabric2Vlan": "250",
    "oamAllowedAddressPairsIpPrefix": true
  }
}
