{
  "mg_group_1": {
    "network_realm_1": {
      "name": "realm-for-internet",
      "ip_pool_1": {
        "pool_name": "pool1.1.0",
        "ipv4_prefix": "11.0.0.0/9",
        "ipv6_prefix": "3ffe:0:11::/48",
        "pool_usage_threshold": {
          "high_threshold": 95,
          "low_threshold": 85
        },
        "hold_timer": {
          "minutes": 10,
          "hold_for_pdn": null
        },
        "group_name": "group1.1.0",
        "remote": null,
        "suppress_dotzero_broadcast_address": null,
        "use_prefixes_immediately": null
      },
      "ip_pool_2": {
        "pool_name": "pool1.2.0",
        "ipv4_prefix": "12.0.0.0/9",
        "ipv6_prefix": "3ffe:0:12::/48",
        "pool_usage_threshold": {
          "high_threshold": 95,
          "low_threshold": 85
        },
        "hold_timer": {
          "minutes": 10,
          "hold_for_pdn": null
        },
        "group_name": "group1.2.0",
        "remote": null,
        "suppress_dotzero_broadcast_address": null,
        "use_prefixes_immediately": null
      }
    },
    "network_realm_2": {
      "name": "realm-for-ims",
      "ip_pool_1": {
        "pool_name": "pool1.3.0",
        "ipv4_prefix": "13.0.0.0/9",
        "ipv6_prefix": "3ffe:0:13::/48",
        "pool_usage_threshold": {
          "high_threshold": 95,
          "low_threshold": 85
        },
        "hold_timer": {
          "minutes": 10,
          "hold_for_pdn": null
        },
        "group_name": "group1.3.0",
        "remote": null,
        "suppress_dotzero_broadcast_address": null,
        "use_prefixes_immediately": null
      },
      "ip_pool_2": {
        "pool_name": "pool1.4.0",
        "ipv4_prefix": "14.0.0.0/9",
        "ipv6_prefix": "3ffe:0:14::/48",
        "pool_usage_threshold": {
          "high_threshold": 95,
          "low_threshold": 85
        },
        "hold_timer": {
          "minutes": 10,
          "hold_for_pdn": null
        },
        "group_name": "group1.4.0",
        "remote": null,
        "suppress_dotzero_broadcast_address": null,
        "use_prefixes_immediately": null
      }
    }
  },
  "mg_group_2": {
    "network_realm_1": {
      "name": "realm-for-internet",
      "ip_pool_1": {
        "pool_name": "pool2.1.0",
        "ipv4_prefix": "15.0.0.0/9",
        "ipv6_prefix": "3ffe:0:15::/48",
        "pool_usage_threshold": {
          "high_threshold": 95,
          "low_threshold": 85
        },
        "hold_timer": {
          "minutes": 10,
          "hold_for_pdn": null
        },
        "group_name": "group2.1.0",
        "remote": null,
        "suppress_dotzero_broadcast_address": null,
        "use_prefixes_immediately": null
      },
      "ip_pool_2": {
        "pool_name": "pool2.2.0",
        "ipv4_prefix": "16.0.0.0/9",
        "ipv6_prefix": "3ffe:0:16::/48",
        "pool_usage_threshold": {
          "high_threshold": 95,
          "low_threshold": 85
        },
        "hold_timer": {
          "minutes": 10,
          "hold_for_pdn": null
        },
        "group_name": "group2.2.0",
        "remote": null,
        "suppress_dotzero_broadcast_address": null,
        "use_prefixes_immediately": null
      }
    },
    "network_realm_2": {
      "name": "realm-for-ims",
      "ip_pool_1": {
        "pool_name": "pool2.3.0",
        "ipv4_prefix": "17.0.0.0/9",
        "ipv6_prefix": "3ffe:0:17::/48",
        "pool_usage_threshold": {
          "high_threshold": 95,
          "low_threshold": 85
        },
        "hold_timer": {
          "minutes": 10,
          "hold_for_pdn": null
        },
        "group_name": "group2.3.0",
        "remote": null,
        "suppress_dotzero_broadcast_address": null,
        "use_prefixes_immediately": null
      },
      "ip_pool_2": {
        "pool_name": "pool2.4.0",
        "ipv4_prefix": "18.0.0.0/9",
        "ipv6_prefix": "3ffe:0:18::/48",
        "pool_usage_threshold": {
          "high_threshold": 95,
          "low_threshold": 85
        },
        "hold_timer": {
          "minutes": 10,
          "hold_for_pdn": null
        },
        "group_name": "group2.4.0",
        "remote": null,
        "suppress_dotzero_broadcast_address": null,
        "use_prefixes_immediately": null
      }
    }
  },
  "mg_group_3": {
    "network_realm_1": {
      "name": "realm-for-internet",
      "ip_pool_1": {
        "pool_name": "pool3.1.0",
        "ipv4_prefix": "19.0.0.0/9",
        "ipv6_prefix": "3ffe:0:19::/48",
        "pool_usage_threshold": {
          "high_threshold": 95,
          "low_threshold": 85
        },
        "hold_timer": {
          "minutes": 10,
          "hold_for_pdn": null
        },
        "group_name": "group3.1.0",
        "remote": null,
        "suppress_dotzero_broadcast_address": null,
        "use_prefixes_immediately": null
      },
      "ip_pool_2": {
        "pool_name": "pool3.2.0",
        "ipv4_prefix": "20.0.0.0/9",
        "ipv6_prefix": "3ffe:0:20::/48",
        "pool_usage_threshold": {
          "high_threshold": 95,
          "low_threshold": 85
        },
        "hold_timer": {
          "minutes": 10,
          "hold_for_pdn": null
        },
        "group_name": "group3.2.0",
        "remote": null,
        "suppress_dotzero_broadcast_address": null,
        "use_prefixes_immediately": null
      }
    },
    "network_realm_2": {
      "name": "realm-for-ims",
      "ip_pool_1": {
        "pool_name": "pool3.3.0",
        "ipv4_prefix": "21.0.0.0/9",
        "ipv6_prefix": "3ffe:0:21::/48",
        "pool_usage_threshold": {
          "high_threshold": 95,
          "low_threshold": 85
        },
        "hold_timer": {
          "minutes": 10,
          "hold_for_pdn": null
        },
        "group_name": "group3.3.0",
        "remote": null,
        "suppress_dotzero_broadcast_address": null,
        "use_prefixes_immediately": null
      },
      "ip_pool_2": {
        "pool_name": "pool3.4.0",
        "ipv4_prefix": "22.0.0.0/9",
        "ipv6_prefix": "3ffe:0:22::/48",
        "pool_usage_threshold": {
          "high_threshold": 95,
          "low_threshold": 85
        },
        "hold_timer": {
          "minutes": 10,
          "hold_for_pdn": null
        },
        "group_name": "group3.4.0",
        "remote": null,
        "suppress_dotzero_broadcast_address": null,
        "use_prefixes_immediately": null
      }
    }
  },
  "mg_group_4": {
    "network_realm_1": {
      "name": "realm-for-internet",
      "ip_pool_1": {
        "pool_name": "pool4.1.0",
        "ipv4_prefix": "23.0.0.0/9",
        "ipv6_prefix": "3ffe:0:23::/48",
        "pool_usage_threshold": {
          "high_threshold": 95,
          "low_threshold": 85
        },
        "hold_timer": {
          "minutes": 10,
          "hold_for_pdn": null
        },
        "group_name": "group4.1.0",
        "remote": null,
        "suppress_dotzero_broadcast_address": null,
        "use_prefixes_immediately": null
      },
      "ip_pool_2": {
        "pool_name": "pool4.2.0",
        "ipv4_prefix": "24.0.0.0/9",
        "ipv6_prefix": "3ffe:0:24::/48",
        "pool_usage_threshold": {
          "high_threshold": 95,
          "low_threshold": 85
        },
        "hold_timer": {
          "minutes": 10,
          "hold_for_pdn": null
        },
        "group_name": "group4.2.0",
        "remote": null,
        "suppress_dotzero_broadcast_address": null,
        "use_prefixes_immediately": null
      }
    },
    "network_realm_2": {
      "name": "realm-for-ims",
      "ip_pool_1": {
        "pool_name": "pool4.3.0",
        "ipv4_prefix": "25.0.0.0/9",
        "ipv6_prefix": "3ffe:0:25::/48",
        "pool_usage_threshold": {
          "high_threshold": 95,
          "low_threshold": 85
        },
        "hold_timer": {
          "minutes": 10,
          "hold_for_pdn": null
        },
        "group_name": "group4.3.0",
        "remote": null,
        "suppress_dotzero_broadcast_address": null,
        "use_prefixes_immediately": null
      },
      "ip_pool_2": {
        "pool_name": "pool4.4.0",
        "ipv4_prefix": "26.0.0.0/9",
        "ipv6_prefix": "3ffe:0:26::/48",
        "pool_usage_threshold": {
          "high_threshold": 95,
          "low_threshold": 85
        },
        "hold_timer": {
          "minutes": 10,
          "hold_for_pdn": null
        },
        "group_name": "group4.4.0",
        "remote": null,
        "suppress_dotzero_broadcast_address": null,
        "use_prefixes_immediately": null
      }
    }
  },
  "mg_group_5": {
    "network_realm_1": {
      "name": "realm-for-internet",
      "ip_pool_1": {
        "pool_name": "pool5.1.0",
        "ipv4_prefix": "27.0.0.0/9",
        "ipv6_prefix": "3ffe:0:27::/48",
        "pool_usage_threshold": {
          "high_threshold": 95,
          "low_threshold": 85
        },
        "hold_timer": {
          "minutes": 10,
          "hold_for_pdn": null
        },
        "group_name": "group5.1.0",
        "remote": null,
        "suppress_dotzero_broadcast_address": null,
        "use_prefixes_immediately": null
      },
      "ip_pool_2": {
        "pool_name": "pool5.2.0",
        "ipv4_prefix": "28.0.0.0/9",
        "ipv6_prefix": "3ffe:0:28::/48",
        "pool_usage_threshold": {
          "high_threshold": 95,
          "low_threshold": 85
        },
        "hold_timer": {
          "minutes": 10,
          "hold_for_pdn": null
        },
        "group_name": "group5.2.0",
        "remote": null,
        "suppress_dotzero_broadcast_address": null,
        "use_prefixes_immediately": null
      }
    },
    "network_realm_2": {
      "name": "realm-for-ims",
      "ip_pool_1": {
        "pool_name": "pool5.3.0",
        "ipv4_prefix": "29.0.0.0/9",
        "ipv6_prefix": "3ffe:0:29::/48",
        "pool_usage_threshold": {
          "high_threshold": 95,
          "low_threshold": 85
        },
        "hold_timer": {
          "minutes": 10,
          "hold_for_pdn": null
        },
        "group_name": "group5.3.0",
        "remote": null,
        "suppress_dotzero_broadcast_address": null,
        "use_prefixes_immediately": null
      },
      "ip_pool_2": {
        "pool_name": "pool5.4.0",
        "ipv4_prefix": "30.0.0.0/9",
        "ipv6_prefix": "3ffe:0:30::/48",
        "pool_usage_threshold": {
          "high_threshold": 95,
          "low_threshold": 85
        },
        "hold_timer": {
          "minutes": 10,
          "hold_for_pdn": null
        },
        "group_name": "group5.4.0",
        "remote": null,
        "suppress_dotzero_broadcast_address": null,
        "use_prefixes_immediately": null
      }
    }
  },
  "mg_group_6": {
    "network_realm_1": {
      "name": "realm-for-internet",
      "ip_pool_1": {
        "pool_name": "pool6.1.0",
        "ipv4_prefix": "31.0.0.0/9",
        "ipv6_prefix": "3ffe:0:31::/48",
        "pool_usage_threshold": {
          "high_threshold": 95,
          "low_threshold": 85
        },
        "hold_timer": {
          "minutes": 10,
          "hold_for_pdn": null
        },
        "group_name": "group6.1.0",
        "remote": null,
        "suppress_dotzero_broadcast_address": null,
        "use_prefixes_immediately": null
      },
      "ip_pool_2": {
        "pool_name": "pool6.2.0",
        "ipv4_prefix": "32.0.0.0/9",
        "ipv6_prefix": "3ffe:0:32::/48",
        "pool_usage_threshold": {
          "high_threshold": 95,
          "low_threshold": 85
        },
        "hold_timer": {
          "minutes": 10,
          "hold_for_pdn": null
        },
        "group_name": "group6.2.0",
        "remote": null,
        "suppress_dotzero_broadcast_address": null,
        "use_prefixes_immediately": null
      }
    },
    "network_realm_2": {
      "name": "realm-for-ims",
      "ip_pool_1": {
        "pool_name": "pool6.3.0",
        "ipv4_prefix": "33.0.0.0/9",
        "ipv6_prefix": "3ffe:0:33::/48",
        "pool_usage_threshold": {
          "high_threshold": 95,
          "low_threshold": 85
        },
        "hold_timer": {
          "minutes": 10,
          "hold_for_pdn": null
        },
        "group_name": "group6.3.0",
        "remote": null,
        "suppress_dotzero_broadcast_address": null,
        "use_prefixes_immediately": null
      },
      "ip_pool_2": {
        "pool_name": "pool6.4.0",
        "ipv4_prefix": "34.0.0.0/9",
        "ipv6_prefix": "3ffe:0:34::/48",
        "pool_usage_threshold": {
          "high_threshold": 95,
          "low_threshold": 85
        },
        "hold_timer": {
          "minutes": 10,
          "hold_for_pdn": null
        },
        "group_name": "group6.4.0",
        "remote": null,
        "suppress_dotzero_broadcast_address": null,
        "use_prefixes_immediately": null
      }
    }
  },
  "mg_group_7": {
    "network_realm_1": {
      "name": "realm-for-internet",
      "ip_pool_1": {
        "pool_name": "pool7.1.0",
        "ipv4_prefix": "35.0.0.0/9",
        "ipv6_prefix": "3ffe:0:35::/48",
        "pool_usage_threshold": {
          "high_threshold": 95,
          "low_threshold": 85
        },
        "hold_timer": {
          "minutes": 10,
          "hold_for_pdn": null
        },
        "group_name": "group7.1.0",
        "remote": null,
        "suppress_dotzero_broadcast_address": null,
        "use_prefixes_immediately": null
      },
      "ip_pool_2": {
        "pool_name": "pool7.2.0",
        "ipv4_prefix": "36.0.0.0/9",
        "ipv6_prefix": "3ffe:0:36::/48",
        "pool_usage_threshold": {
          "high_threshold": 95,
          "low_threshold": 85
        },
        "hold_timer": {
          "minutes": 10,
          "hold_for_pdn": null
        },
        "group_name": "group7.2.0",
        "remote": null,
        "suppress_dotzero_broadcast_address": null,
        "use_prefixes_immediately": null
      }
    },
    "network_realm_2": {
      "name": "realm-for-ims",
      "ip_pool_1": {
        "pool_name": "pool7.3.0",
        "ipv4_prefix": "37.0.0.0/9",
        "ipv6_prefix": "3ffe:0:37::/48",
        "pool_usage_threshold": {
          "high_threshold": 95,
          "low_threshold": 85
        },
        "hold_timer": {
          "minutes": 10,
          "hold_for_pdn": null
        },
        "group_name": "group7.3.0",
        "remote": null,
        "suppress_dotzero_broadcast_address": null,
        "use_prefixes_immediately": null
      },
      "ip_pool_2": {
        "pool_name": "pool7.4.0",
        "ipv4_prefix": "38.0.0.0/9",
        "ipv6_prefix": "3ffe:0:38::/48",
        "pool_usage_threshold": {
          "high_threshold": 95,
          "low_threshold": 85
        },
        "hold_timer": {
          "minutes": 10,
          "hold_for_pdn": null
        },
        "group_name": "group7.4.0",
        "remote": null,
        "suppress_dotzero_broadcast_address": null,
        "use_prefixes_immediately": null
      }
    }
  },
  "mg_group_8": {
    "network_realm_1": {
      "name": "realm-for-internet",
      "ip_pool_1": {
        "pool_name": "pool8.1.0",
        "ipv4_prefix": "39.0.0.0/9",
        "ipv6_prefix": "3ffe:0:39::/48",
        "pool_usage_threshold": {
          "high_threshold": 95,
          "low_threshold": 85
        },
        "hold_timer": {
          "minutes": 10,
          "hold_for_pdn": null
        },
        "group_name": "group8.1.0",
        "remote": null,
        "suppress_dotzero_broadcast_address": null,
        "use_prefixes_immediately": null
      },
      "ip_pool_2": {
        "pool_name": "pool8.2.0",
        "ipv4_prefix": "40.0.0.0/9",
        "ipv6_prefix": "3ffe:0:40::/48",
        "pool_usage_threshold": {
          "high_threshold": 95,
          "low_threshold": 85
        },
        "hold_timer": {
          "minutes": 10,
          "hold_for_pdn": null
        },
        "group_name": "group8.2.0",
        "remote": null,
        "suppress_dotzero_broadcast_address": null,
        "use_prefixes_immediately": null
      }
    },
    "network_realm_2": {
      "name": "realm-for-ims",
      "ip_pool_1": {
        "pool_name": "pool8.3.0",
        "ipv4_prefix": "41.0.0.0/9",
        "ipv6_prefix": "3ffe:0:41::/48",
        "pool_usage_threshold": {
          "high_threshold": 95,
          "low_threshold": 85
        },
        "hold_timer": {
          "minutes": 10,
          "hold_for_pdn": null
        },
        "group_name": "group8.3.0",
        "remote": null,
        "suppress_dotzero_broadcast_address": null,
        "use_prefixes_immediately": null
      },
      "ip_pool_2": {
        "pool_name": "pool8.4.0",
        "ipv4_prefix": "42.0.0.0/9",
        "ipv6_prefix": "3ffe:0:42::/48",
        "pool_usage_threshold": {
          "high_threshold": 95,
          "low_threshold": 85
        },
        "hold_timer": {
          "minutes": 10,
          "hold_for_pdn": null
        },
        "group_name": "group8.4.0",
        "remote": null,
        "suppress_dotzero_broadcast_address": null,
        "use_prefixes_immediately": null
      }
    }
  },
  "mg_group_9": {
    "network_realm_1": {
      "name": "realm-for-internet",
      "ip_pool_1": {
        "pool_name": "pool9.1.0",
        "ipv4_prefix": "43.0.0.0/9",
        "ipv6_prefix": "3ffe:0:43::/48",
        "pool_usage_threshold": {
          "high_threshold": 95,
          "low_threshold": 85
        },
        "hold_timer": {
          "minutes": 10,
          "hold_for_pdn": null
        },
        "group_name": "group9.1.0",
        "remote": null,
        "suppress_dotzero_broadcast_address": null,
        "use_prefixes_immediately": null
      },
      "ip_pool_2": {
        "pool_name": "pool9.2.0",
        "ipv4_prefix": "44.0.0.0/9",
        "ipv6_prefix": "3ffe:0:44::/48",
        "pool_usage_threshold": {
          "high_threshold": 95,
          "low_threshold": 85
        },
        "hold_timer": {
          "minutes": 10,
          "hold_for_pdn": null
        },
        "group_name": "group9.2.0",
        "remote": null,
        "suppress_dotzero_broadcast_address": null,
        "use_prefixes_immediately": null
      }
    },
    "network_realm_2": {
      "name": "realm-for-ims",
      "ip_pool_1": {
        "pool_name": "pool9.3.0",
        "ipv4_prefix": "45.0.0.0/9",
        "ipv6_prefix": "3ffe:0:45::/48",
        "pool_usage_threshold": {
          "high_threshold": 95,
          "low_threshold": 85
        },
        "hold_timer": {
          "minutes": 10,
          "hold_for_pdn": null
        },
        "group_name": "group9.3.0",
        "remote": null,
        "suppress_dotzero_broadcast_address": null,
        "use_prefixes_immediately": null
      },
      "ip_pool_2": {
        "pool_name": "pool9.4.0",
        "ipv4_prefix": "46.0.0.0/9",
        "ipv6_prefix": "3ffe:0:46::/48",
        "pool_usage_threshold": {
          "high_threshold": 95,
          "low_threshold": 85
        },
        "hold_timer": {
          "minutes": 10,
          "hold_for_pdn": null
        },
        "group_name": "group9.4.0",
        "remote": null,
        "suppress_dotzero_broadcast_address": null,
        "use_prefixes_immediately": null
      }
    }
  },
  "mg_group_10": {
    "network_realm_1": {
      "name": "realm-for-internet",
      "ip_pool_1": {
        "pool_name": "pool10.1.0",
        "ipv4_prefix": "47.0.0.0/9",
        "ipv6_prefix": "3ffe:0:47::/48",
        "pool_usage_threshold": {
          "high_threshold": 95,
          "low_threshold": 85
        },
        "hold_timer": {
          "minutes": 10,
          "hold_for_pdn": null
        },
        "group_name": "group10.1.0",
        "remote": null,
        "suppress_dotzero_broadcast_address": null,
        "use_prefixes_immediately": null
      },
      "ip_pool_2": {
        "pool_name": "pool10.2.0",
        "ipv4_prefix": "48.0.0.0/9",
        "ipv6_prefix": "3ffe:0:48::/48",
        "pool_usage_threshold": {
          "high_threshold": 95,
          "low_threshold": 85
        },
        "hold_timer": {
          "minutes": 10,
          "hold_for_pdn": null
        },
        "group_name": "group10.2.0",
        "remote": null,
        "suppress_dotzero_broadcast_address": null,
        "use_prefixes_immediately": null
      }
    },
    "network_realm_2": {
      "name": "realm-for-ims",
      "ip_pool_1": {
        "pool_name": "pool10.3.0",
        "ipv4_prefix": "49.0.0.0/9",
        "ipv6_prefix": "3ffe:0:49::/48",
        "pool_usage_threshold": {
          "high_threshold": 95,
          "low_threshold": 85
        },
        "hold_timer": {
          "minutes": 10,
          "hold_for_pdn": null
        },
        "group_name": "group10.3.0",
        "remote": null,
        "suppress_dotzero_broadcast_address": null,
        "use_prefixes_immediately": null
      },
      "ip_pool_2": {
        "pool_name": "pool10.4.0",
        "ipv4_prefix": "50.0.0.0/9",
        "ipv6_prefix": "3ffe:0:50::/48",
        "pool_usage_threshold": {
          "high_threshold": 95,
          "low_threshold": 85
        },
        "hold_timer": {
          "minutes": 10,
          "hold_for_pdn": null
        },
        "group_name": "group10.4.0",
        "remote": null,
        "suppress_dotzero_broadcast_address": null,
        "use_prefixes_immediately": null
      }
    }
  },
  "mg_group_11": {
    "network_realm_1": {
      "name": "realm-for-internet",
      "ip_pool_1": {
        "pool_name": "pool11.1.0",
        "ipv4_prefix": "51.0.0.0/9",
        "ipv6_prefix": "3ffe:0:51::/48",
        "pool_usage_threshold": {
          "high_threshold": 95,
          "low_threshold": 85
        },
        "hold_timer": {
          "minutes": 10,
          "hold_for_pdn": null
        },
        "group_name": "group11.1.0",
        "remote": null,
        "suppress_dotzero_broadcast_address": null,
        "use_prefixes_immediately": null
      },
      "ip_pool_2": {
        "pool_name": "pool11.2.0",
        "ipv4_prefix": "52.0.0.0/9",
        "ipv6_prefix": "3ffe:0:52::/48",
        "pool_usage_threshold": {
          "high_threshold": 95,
          "low_threshold": 85
        },
        "hold_timer": {
          "minutes": 10,
          "hold_for_pdn": null
        },
        "group_name": "group11.2.0",
        "remote": null,
        "suppress_dotzero_broadcast_address": null,
        "use_prefixes_immediately": null
      }
    },
    "network_realm_2": {
      "name": "realm-for-ims",
      "ip_pool_1": {
        "pool_name": "pool11.3.0",
        "ipv4_prefix": "53.0.0.0/9",
        "ipv6_prefix": "3ffe:0:53::/48",
        "pool_usage_threshold": {
          "high_threshold": 95,
          "low_threshold": 85
        },
        "hold_timer": {
          "minutes": 10,
          "hold_for_pdn": null
        },
        "group_name": "group11.3.0",
        "remote": null,
        "suppress_dotzero_broadcast_address": null,
        "use_prefixes_immediately": null
      },
      "ip_pool_2": {
        "pool_name": "pool11.4.0",
        "ipv4_prefix": "54.0.0.0/9",
        "ipv6_prefix": "3ffe:0:54::/48",
        "pool_usage_threshold": {
          "high_threshold": 95,
          "low_threshold": 85
        },
        "hold_timer": {
          "minutes": 10,
          "hold_for_pdn": null
        },
        "group_name": "group11.4.0",
        "remote": null,
        "suppress_dotzero_broadcast_address": null,
        "use_prefixes_immediately": null
      }
    }
  },
  "mg_group_12": {
    "network_realm_1": {
      "name": "realm-for-internet",
      "ip_pool_1": {
        "pool_name": "pool12.1.0",
        "ipv4_prefix": "55.0.0.0/9",
        "ipv6_prefix": "3ffe:0:55::/48",
        "pool_usage_threshold": {
          "high_threshold": 95,
          "low_threshold": 85
        },
        "hold_timer": {
          "minutes": 10,
          "hold_for_pdn": null
        },
        "group_name": "group12.1.0",
        "remote": null,
        "suppress_dotzero_broadcast_address": null,
        "use_prefixes_immediately": null
      },
      "ip_pool_2": {
        "pool_name": "pool12.2.0",
        "ipv4_prefix": "56.0.0.0/9",
        "ipv6_prefix": "3ffe:0:56::/48",
        "pool_usage_threshold": {
          "high_threshold": 95,
          "low_threshold": 85
        },
        "hold_timer": {
          "minutes": 10,
          "hold_for_pdn": null
        },
        "group_name": "group12.2.0",
        "remote": null,
        "suppress_dotzero_broadcast_address": null,
        "use_prefixes_immediately": null
      }
    },
    "network_realm_2": {
      "name": "realm-for-ims",
      "ip_pool_1": {
        "pool_name": "pool12.3.0",
        "ipv4_prefix": "57.0.0.0/9",
        "ipv6_prefix": "3ffe:0:57::/48",
        "pool_usage_threshold": {
          "high_threshold": 95,
          "low_threshold": 85
        },
        "hold_timer": {
          "minutes": 10,
          "hold_for_pdn": null
        },
        "group_name": "group12.3.0",
        "remote": null,
        "suppress_dotzero_broadcast_address": null,
        "use_prefixes_immediately": null
      },
      "ip_pool_2": {
        "pool_name": "pool12.4.0",
        "ipv4_prefix": "58.0.0.0/9",
        "ipv6_prefix": "3ffe:0:58::/48",
        "pool_usage_threshold": {
          "high_threshold": 95,
          "low_threshold": 85
        },
        "hold_timer": {
          "minutes": 10,
          "hold_for_pdn": null
        },
        "group_name": "group12.4.0",
        "remote": null,
        "suppress_dotzero_broadcast_address": null,
        "use_prefixes_immediately": null
      }
    }
  },
  "mg_group_13": {
    "network_realm_1": {
      "name": "realm-for-internet",
      "ip_pool_1": {
        "pool_name": "pool13.1.0",
        "ipv4_prefix": "59.0.0.0/9",
        "ipv6_prefix": "3ffe:0:59::/48",
        "pool_usage_threshold": {
          "high_threshold": 95,
          "low_threshold": 85
        },
        "hold_timer": {
          "minutes": 10,
          "hold_for_pdn": null
        },
        "group_name": "group13.1.0",
        "remote": null,
        "suppress_dotzero_broadcast_address": null,
        "use_prefixes_immediately": null
      },
      "ip_pool_2": {
        "pool_name": "pool13.2.0",
        "ipv4_prefix": "60.0.0.0/9",
        "ipv6_prefix": "3ffe:0:60::/48",
        "pool_usage_threshold": {
          "high_threshold": 95,
          "low_threshold": 85
        },
        "hold_timer": {
          "minutes": 10,
          "hold_for_pdn": null
        },
        "group_name": "group13.2.0",
        "remote": null,
        "suppress_dotzero_broadcast_address": null,
        "use_prefixes_immediately": null
      }
    },
    "network_realm_2": {
      "name": "realm-for-ims",
      "ip_pool_1": {
        "pool_name": "pool13.3.0",
        "ipv4_prefix": "61.0.0.0/9",
        "ipv6_prefix": "3ffe:0:61::/48",
        "pool_usage_threshold": {
          "high_threshold": 95,
          "low_threshold": 85
        },
        "hold_timer": {
          "minutes": 10,
          "hold_for_pdn": null
        },
        "group_name": "group13.3.0",
        "remote": null,
        "suppress_dotzero_broadcast_address": null,
        "use_prefixes_immediately": null
      },
      "ip_pool_2": {
        "pool_name": "pool13.4.0",
        "ipv4_prefix": "62.0.0.0/9",
        "ipv6_prefix": "3ffe:0:62::/48",
        "pool_usage_threshold": {
          "high_threshold": 95,
          "low_threshold": 85
        },
        "hold_timer": {
          "minutes": 10,
          "hold_for_pdn": null
        },
        "group_name": "group13.4.0",
        "remote": null,
        "suppress_dotzero_broadcast_address": null,
        "use_prefixes_immediately": null
      }
    }
  },
  "mg_group_14": {
    "network_realm_1": {
      "name": "realm-for-internet",
      "ip_pool_1": {
        "pool_name": "pool14.1.0",
        "ipv4_prefix": "63.0.0.0/9",
        "ipv6_prefix": "3ffe:0:63::/48",
        "pool_usage_threshold": {
          "high_threshold": 95,
          "low_threshold": 85
        },
        "hold_timer": {
          "minutes": 10,
          "hold_for_pdn": null
        },
        "group_name": "group14.1.0",
        "remote": null,
        "suppress_dotzero_broadcast_address": null,
        "use_prefixes_immediately": null
      },
      "ip_pool_2": {
        "pool_name": "pool14.2.0",
        "ipv4_prefix": "64.0.0.0/9",
        "ipv6_prefix": "3ffe:0:64::/48",
        "pool_usage_threshold": {
          "high_threshold": 95,
          "low_threshold": 85
        },
        "hold_timer": {
          "minutes": 10,
          "hold_for_pdn": null
        },
        "group_name": "group14.2.0",
        "remote": null,
        "suppress_dotzero_broadcast_address": null,
        "use_prefixes_immediately": null
      }
    },
    "network_realm_2": {
      "name": "realm-for-ims",
      "ip_pool_1": {
        "pool_name": "pool14.3.0",
        "ipv4_prefix": "65.0.0.0/9",
        "ipv6_prefix": "3ffe:0:65::/48",
        "pool_usage_threshold": {
          "high_threshold": 95,
          "low_threshold": 85
        },
        "hold_timer": {
          "minutes": 10,
          "hold_for_pdn": null
        },
        "group_name": "group14.3.0",
        "remote": null,
        "suppress_dotzero_broadcast_address": null,
        "use_prefixes_immediately": null
      },
      "ip_pool_2": {
        "pool_name": "pool14.4.0",
        "ipv4_prefix": "66.0.0.0/9",
        "ipv6_prefix": "3ffe:0:66::/48",
        "pool_usage_threshold": {
          "high_threshold": 95,
          "low_threshold": 85
        },
        "hold_timer": {
          "minutes": 10,
          "hold_for_pdn": null
        },
        "group_name": "group14.4.0",
        "remote": null,
        "suppress_dotzero_broadcast_address": null,
        "use_prefixes_immediately": null
      }
    }
  },
  "mg_group_15": {
    "network_realm_1": {
      "name": "realm-for-internet",
      "ip_pool_1": {
        "pool_name": "pool15.1.0",
        "ipv4_prefix": "67.0.0.0/9",
        "ipv6_prefix": "3ffe:0:67::/48",
        "pool_usage_threshold": {
          "high_threshold": 95,
          "low_threshold": 85
        },
        "hold_timer": {
          "minutes": 10,
          "hold_for_pdn": null
        },
        "group_name": "group15.1.0",
        "remote": null,
        "suppress_dotzero_broadcast_address": null,
        "use_prefixes_immediately": null
      },
      "ip_pool_2": {
        "pool_name": "pool15.2.0",
        "ipv4_prefix": "68.0.0.0/9",
        "ipv6_prefix": "3ffe:0:68::/48",
        "pool_usage_threshold": {
          "high_threshold": 95,
          "low_threshold": 85
        },
        "hold_timer": {
          "minutes": 10,
          "hold_for_pdn": null
        },
        "group_name": "group15.2.0",
        "remote": null,
        "suppress_dotzero_broadcast_address": null,
        "use_prefixes_immediately": null
      }
    },
    "network_realm_2": {
      "name": "realm-for-ims",
      "ip_pool_1": {
        "pool_name": "pool15.3.0",
        "ipv4_prefix": "69.0.0.0/9",
        "ipv6_prefix": "3ffe:0:69::/48",
        "pool_usage_threshold": {
          "high_threshold": 95,
          "low_threshold": 85
        },
        "hold_timer": {
          "minutes": 10,
          "hold_for_pdn": null
        },
        "group_name": "group15.3.0",
        "remote": null,
        "suppress_dotzero_broadcast_address": null,
        "use_prefixes_immediately": null
      },
      "ip_pool_2": {
        "pool_name": "pool15.4.0",
        "ipv4_prefix": "70.0.0.0/9",
        "ipv6_prefix": "3ffe:0:70::/48",
        "pool_usage_threshold": {
          "high_threshold": 95,
          "low_threshold": 85
        },
        "hold_timer": {
          "minutes": 10,
          "hold_for_pdn": null
        },
        "group_name": "group15.4.0",
        "remote": null,
        "suppress_dotzero_broadcast_address": null,
        "use_prefixes_immediately": null
      }
    }
  },
  "mg_group_16": {
    "network_realm_1": {
      "name": "realm-for-internet",
      "ip_pool_1": {
        "pool_name": "pool16.1.0",
        "ipv4_prefix": "71.0.0.0/9",
        "ipv6_prefix": "3ffe:0:71::/48",
        "pool_usage_threshold": {
          "high_threshold": 95,
          "low_threshold": 85
        },
        "hold_timer": {
          "minutes": 10,
          "hold_for_pdn": null
        },
        "group_name": "group16.1.0",
        "remote": null,
        "suppress_dotzero_broadcast_address": null,
        "use_prefixes_immediately": null
      },
      "ip_pool_2": {
        "pool_name": "pool16.2.0",
        "ipv4_prefix": "72.0.0.0/9",
        "ipv6_prefix": "3ffe:0:72::/48",
        "pool_usage_threshold": {
          "high_threshold": 95,
          "low_threshold": 85
        },
        "hold_timer": {
          "minutes": 10,
          "hold_for_pdn": null
        },
        "group_name": "group16.2.0",
        "remote": null,
        "suppress_dotzero_broadcast_address": null,
        "use_prefixes_immediately": null
      }
    },
    "network_realm_2": {
      "name": "realm-for-ims",
      "ip_pool_1": {
        "pool_name": "pool16.3.0",
        "ipv4_prefix": "73.0.0.0/9",
        "ipv6_prefix": "3ffe:0:73::/48",
        "pool_usage_threshold": {
          "high_threshold": 95,
          "low_threshold": 85
        },
        "hold_timer": {
          "minutes": 10,
          "hold_for_pdn": null
        },
        "group_name": "group16.3.0",
        "remote": null,
        "suppress_dotzero_broadcast_address": null,
        "use_prefixes_immediately": null
      },
      "ip_pool_2": {
        "pool_name": "pool16.4.0",
        "ipv4_prefix": "74.0.0.0/9",
        "ipv6_prefix": "3ffe:0:74::/48",
        "pool_usage_threshold": {
          "high_threshold": 95,
          "low_threshold": 85
        },
        "hold_timer": {
          "minutes": 10,
          "hold_for_pdn": null
        },
        "group_name": "group16.4.0",
        "remote": null,
        "suppress_dotzero_broadcast_address": null,
        "use_prefixes_immediately": null
      }
    }
  },
  "mg_group_17": {
    "network_realm_1": {
      "name": "realm-for-internet",
      "ip_pool_1": {
        "pool_name": "pool17.1.0",
        "ipv4_prefix": "75.0.0.0/9",
        "ipv6_prefix": "3ffe:0:75::/48",
        "pool_usage_threshold": {
          "high_threshold": 95,
          "low_threshold": 85
        },
        "hold_timer": {
          "minutes": 10,
          "hold_for_pdn": null
        },
        "group_name": "group17.1.0",
        "remote": null,
        "suppress_dotzero_broadcast_address": null,
        "use_prefixes_immediately": null
      },
      "ip_pool_2": {
        "pool_name": "pool17.2.0",
        "ipv4_prefix": "76.0.0.0/9",
        "ipv6_prefix": "3ffe:0:76::/48",
        "pool_usage_threshold": {
          "high_threshold": 95,
          "low_threshold": 85
        },
        "hold_timer": {
          "minutes": 10,
          "hold_for_pdn": null
        },
        "group_name": "group17.2.0",
        "remote": null,
        "suppress_dotzero_broadcast_address": null,
        "use_prefixes_immediately": null
      }
    },
    "network_realm_2": {
      "name": "realm-for-ims",
      "ip_pool_1": {
        "pool_name": "pool17.3.0",
        "ipv4_prefix": "77.0.0.0/9",
        "ipv6_prefix": "3ffe:0:77::/48",
        "pool_usage_threshold": {
          "high_threshold": 95,
          "low_threshold": 85
        },
        "hold_timer": {
          "minutes": 10,
          "hold_for_pdn": null
        },
        "group_name": "group17.3.0",
        "remote": null,
        "suppress_dotzero_broadcast_address": null,
        "use_prefixes_immediately": null
      },
      "ip_pool_2": {
        "pool_name": "pool17.4.0",
        "ipv4_prefix": "78.0.0.0/9",
        "ipv6_prefix": "3ffe:0:78::/48",
        "pool_usage_threshold": {
          "high_threshold": 95,
          "low_threshold": 85
        },
        "hold_timer": {
          "minutes": 10,
          "hold_for_pdn": null
        },
        "group_name": "group17.4.0",
        "remote": null,
        "suppress_dotzero_broadcast_address": null,
        "use_prefixes_immediately": null
      }
    }
  },
  "mg_group_18": {
    "network_realm_1": {
      "name": "realm-for-internet",
      "ip_pool_1": {
        "pool_name": "pool18.1.0",
        "ipv4_prefix": "79.0.0.0/9",
        "ipv6_prefix": "3ffe:0:79::/48",
        "pool_usage_threshold": {
          "high_threshold": 95,
          "low_threshold": 85
        },
        "hold_timer": {
          "minutes": 10,
          "hold_for_pdn": null
        },
        "group_name": "group18.1.0",
        "remote": null,
        "suppress_dotzero_broadcast_address": null,
        "use_prefixes_immediately": null
      },
      "ip_pool_2": {
        "pool_name": "pool18.2.0",
        "ipv4_prefix": "80.0.0.0/9",
        "ipv6_prefix": "3ffe:0:80::/48",
        "pool_usage_threshold": {
          "high_threshold": 95,
          "low_threshold": 85
        },
        "hold_timer": {
          "minutes": 10,
          "hold_for_pdn": null
        },
        "group_name": "group18.2.0",
        "remote": null,
        "suppress_dotzero_broadcast_address": null,
        "use_prefixes_immediately": null
      }
    },
    "network_realm_2": {
      "name": "realm-for-ims",
      "ip_pool_1": {
        "pool_name": "pool18.3.0",
        "ipv4_prefix": "81.0.0.0/9",
        "ipv6_prefix": "3ffe:0:81::/48",
        "pool_usage_threshold": {
          "high_threshold": 95,
          "low_threshold": 85
        },
        "hold_timer": {
          "minutes": 10,
          "hold_for_pdn": null
        },
        "group_name": "group18.3.0",
        "remote": null,
        "suppress_dotzero_broadcast_address": null,
        "use_prefixes_immediately": null
      },
      "ip_pool_2": {
        "pool_name": "pool18.4.0",
        "ipv4_prefix": "82.0.0.0/9",
        "ipv6_prefix": "3ffe:0:82::/48",
        "pool_usage_threshold": {
          "high_threshold": 95,
          "low_threshold": 85
        },
        "hold_timer": {
          "minutes": 10,
          "hold_for_pdn": null
        },
        "group_name": "group18.4.0",
        "remote": null,
        "suppress_dotzero_broadcast_address": null,
        "use_prefixes_immediately": null
      }
    }
  }
}
