{
  "apiVersion": "4.0",
  "vimConnectionInfo": [{
    "accessInfo": {
      "username": "CMG1CPFTEST",
      "password": "changeme",
      "region": "regionOne",
      "tenant": "VIL-CMG1CPF-TEST",
      "project": "VIL-CMG1CPF-TEST",
      "userDomain": "Default",
      "projectDomain": "Default"
    },
    "id": "vim_id",
    "interfaceInfo": {
      "endpoint": "https://10.95.14.140:13000/v2.0"
    },
    "vimType": "OPENSTACK_V3"
  }],
  "flavourId": "scalable",
  "instantiationLevelId": "minimum",
  "extManagedVirtualLinks": [{
      "id": "controlSwitchFabric1Network",
      "vimConnectionId": "vim_id",
      "resourceId": "CMG1CFab1NetCPF_Test",
      "virtualLinkDescId": "controlSwitchFabric1VL"
    },
    {
      "id": "controlSwitchFabric2Network",
      "vimConnectionId": "vim_id",
      "resourceId": "CMG1CFab2NetCPF_Test",
      "virtualLinkDescId": "controlSwitchFabric2VL"
    },
    {
      "id": "dataSwitchFabric1Network",
      "vimConnectionId": "vim_id",
      "resourceId": "CMG1DFab1NetCPF_Test",
      "virtualLinkDescId": "dataSwitchFabric1VL"
    },
    {
      "id": "dataSwitchFabric2Network",
      "vimConnectionId": "vim_id",
      "resourceId": "CMG1DFab2NetCPF_Test",
      "virtualLinkDescId": "dataSwitchFabric2VL"
    }
  ],
  "extVirtualLinks": [{
      "extCps": [{
        "cpConfig": [{
          "cpProtocolData": [{
            "layerProtocol": "IP_OVER_ETHERNET",
            "ipOverEthernet": {
              "ipAddresses": [{
                "type": "IPV4",
                "fixedAddresses": [
                  "100.68.0.50"
                ],
                "subnetId": "notUsed"
              }]
            }
          }]
        }],
        "cpdId": "loadBalancerExt1ECP"
      }],
      "id": "loadBalancerExt1Network",
      "vimConnectionId": "vim_id",
      "resourceId": "CMG_Ext_net_flat_physnet5"
    },
    {
      "extCps": [{
        "cpConfig": [{
          "cpProtocolData": [{
            "layerProtocol": "IP_OVER_ETHERNET",
            "ipOverEthernet": {
              "ipAddresses": [{
                "type": "IPV4",
                "fixedAddresses": [
                  "100.69.0.50"
                ],
                "subnetId": "notUsed"
              }]
            }
          }]
        }],
        "cpdId": "loadBalancerExt2ECP"
      }],
      "id": "loadBalancerExt2Network",
      "vimConnectionId": "vim_id",
      "resourceId": "CMG_Ext_net_flat_physnet6"
    },
    {
      "extCps": [{
        "cpConfig": [{
          "cpProtocolData": [{
            "layerProtocol": "IP_OVER_ETHERNET",
            "ipOverEthernet": {
              "ipAddresses": [{
                "type": "IPV4",
                "fixedAddresses": [
                  "100.68.0.51"
                ],
                "subnetId": "notUsed"
              }]
            }
          }]
        }],
        "cpdId": "loadBalancerExt3ECP"
      }],
      "id": "loadBalancerExt3Network",
      "vimConnectionId": "vim_id",
      "resourceId": "CMG_Ext_net_flat_physnet5"
    },
    {
      "extCps": [{
        "cpConfig": [{
          "cpProtocolData": [{
            "layerProtocol": "IP_OVER_ETHERNET",
            "ipOverEthernet": {
              "ipAddresses": [{
                "type": "IPV4",
                "fixedAddresses": [
                  "100.69.0.51"
                ],
                "subnetId": "notUsed"
              }]
            }
          }]
        }],
        "cpdId": "loadBalancerExt4ECP"
      }],
      "id": "loadBalancerExt4Network",
      "vimConnectionId": "vim_id",
      "resourceId": "CMG_Ext_net_flat_physnet6"
    },
    {
      "extCps": [{
        "cpConfig": [{
          "cpProtocolData": [{
            "layerProtocol": "IP_OVER_ETHERNET",
            "ipOverEthernet": {
              "ipAddresses": [{
                "type": "IPV4",
                "fixedAddresses": [
                  "100.68.0.52"
                ],
                "subnetId": "notUsed"
              }]
            }
          }]
        }],
        "cpdId": "loadBalancerExt5ECP"
      }],
      "id": "loadBalancerExt5Network",
      "vimConnectionId": "vim_id",
      "resourceId": "CMG_Ext_net_flat_physnet5"
    },
    {
      "extCps": [{
        "cpConfig": [{
          "cpProtocolData": [{
            "layerProtocol": "IP_OVER_ETHERNET",
            "ipOverEthernet": {
              "ipAddresses": [{
                "type": "IPV4",
                "fixedAddresses": [
                  "100.69.0.52"
                ],
                "subnetId": "notUsed"
              }]
            }
          }]
        }],
        "cpdId": "loadBalancerExt6ECP"
      }],
      "id": "loadBalancerExt6Network",
      "vimConnectionId": "vim_id",
      "resourceId": "CMG_Ext_net_flat_physnet6"
    },
    {
      "extCps": [{
        "cpConfig": [{
          "cpProtocolData": [{
            "layerProtocol": "IP_OVER_ETHERNET",
            "ipOverEthernet": {
              "ipAddresses": [{
                "type": "IPV4",
                "fixedAddresses": [
                  "100.68.0.53"
                ],
                "subnetId": "notUsed"
              }]
            }
          }]
        }],
        "cpdId": "loadBalancerExt7ECP"
      }],
      "id": "loadBalancerExt7Network",
      "vimConnectionId": "vim_id",
      "resourceId": "CMG_Ext_net_flat_physnet5"
    },
    {
      "extCps": [{
        "cpConfig": [{
          "cpProtocolData": [{
            "layerProtocol": "IP_OVER_ETHERNET",
            "ipOverEthernet": {
              "ipAddresses": [{
                "type": "IPV4",
                "fixedAddresses": [
                  "100.69.0.53"
                ],
                "subnetId": "notUsed"
              }]
            }
          }]
        }],
        "cpdId": "loadBalancerExt8ECP"
      }],
      "id": "loadBalancerExt8Network",
      "vimConnectionId": "vim_id",
      "resourceId": "CMG_Ext_net_flat_physnet6"
    },
    {
      "extCps": [{
        "cpConfig": [{
          "cpProtocolData": [{
            "layerProtocol": "IP_OVER_ETHERNET",
            "ipOverEthernet": {
              "ipAddresses": [{
                "type": "IPV4",
                "fixedAddresses": [
                  "100.68.0.54"
                ],
                "subnetId": "notUsed"
              }]
            }
          }]
        }],
        "cpdId": "loadBalancerExt9ECP"
      }],
      "id": "loadBalancerExt9Network",
      "vimConnectionId": "vim_id",
      "resourceId": "CMG_Ext_net_flat_physnet5"
    },
    {
      "extCps": [{
        "cpConfig": [{
          "cpProtocolData": [{
            "layerProtocol": "IP_OVER_ETHERNET",
            "ipOverEthernet": {
              "ipAddresses": [{
                "type": "IPV4",
                "fixedAddresses": [
                  "100.69.0.54"
                ],
                "subnetId": "notUsed"
              }]
            }
          }]
        }],
        "cpdId": "loadBalancerExt10ECP"
      }],
      "id": "loadBalancerExt10Network",
      "vimConnectionId": "vim_id",
      "resourceId": "CMG_Ext_net_flat_physnet6"
    },
    {
      "extCps": [{
        "cpConfig": [{
          "cpProtocolData": [{
            "layerProtocol": "IP_OVER_ETHERNET",
            "ipOverEthernet": {
              "ipAddresses": [{
                "type": "IPV4",
                "fixedAddresses": [
                  "100.68.0.55"
                ],
                "subnetId": "notUsed"
              }]
            }
          }]
        }],
        "cpdId": "loadBalancerExt11ECP"
      }],
      "id": "loadBalancerExt11Network",
      "vimConnectionId": "vim_id",
      "resourceId": "CMG_Ext_net_flat_physnet5"
    },
    {
      "extCps": [{
        "cpConfig": [{
          "cpProtocolData": [{
            "layerProtocol": "IP_OVER_ETHERNET",
            "ipOverEthernet": {
              "ipAddresses": [{
                "type": "IPV4",
                "fixedAddresses": [
                  "100.69.0.55"
                ],
                "subnetId": "notUsed"
              }]
            }
          }]
        }],
        "cpdId": "loadBalancerExt12ECP"
      }],
      "id": "loadBalancerExt12Network",
      "vimConnectionId": "vim_id",
      "resourceId": "CMG_Ext_net_flat_physnet6"
    },
    {
      "extCps": [{
        "cpConfig": [{
          "cpProtocolData": [{
            "layerProtocol": "IP_OVER_ETHERNET",
            "ipOverEthernet": {
              "ipAddresses": [{
                "type": "IPV4",
                "fixedAddresses": [
                  "100.68.0.56"
                ],
                "subnetId": "notUsed"
              }]
            }
          }]
        }],
        "cpdId": "loadBalancerExt13ECP"
      }],
      "id": "loadBalancerExt13Network",
      "vimConnectionId": "vim_id",
      "resourceId": "CMG_Ext_net_flat_physnet5"
    },
    {
      "extCps": [{
        "cpConfig": [{
          "cpProtocolData": [{
            "layerProtocol": "IP_OVER_ETHERNET",
            "ipOverEthernet": {
              "ipAddresses": [{
                "type": "IPV4",
                "fixedAddresses": [
                  "100.69.0.56"
                ],
                "subnetId": "notUsed"
              }]
            }
          }]
        }],
        "cpdId": "loadBalancerExt14ECP"
      }],
      "id": "loadBalancerExt14Network",
      "vimConnectionId": "vim_id",
      "resourceId": "CMG_Ext_net_flat_physnet6"
    },
    {
      "extCps": [{
        "cpConfig": [{
          "cpProtocolData": [{
            "layerProtocol": "IP_OVER_ETHERNET",
            "ipOverEthernet": {
              "ipAddresses": [{
                "type": "IPV4",
                "fixedAddresses": [
                  "100.68.0.57"
                ],
                "subnetId": "notUsed"
              }]
            }
          }]
        }],
        "cpdId": "loadBalancerExt15ECP"
      }],
      "id": "loadBalancerExt15Network",
      "vimConnectionId": "vim_id",
      "resourceId": "CMG_Ext_net_flat_physnet5"
    },
    {
      "extCps": [{
        "cpConfig": [{
          "cpProtocolData": [{
            "layerProtocol": "IP_OVER_ETHERNET",
            "ipOverEthernet": {
              "ipAddresses": [{
                "type": "IPV4",
                "fixedAddresses": [
                  "100.69.0.57"
                ],
                "subnetId": "notUsed"
              }]
            }
          }]
        }],
        "cpdId": "loadBalancerExt16ECP"
      }],
      "id": "loadBalancerExt16Network",
      "vimConnectionId": "vim_id",
      "resourceId": "CMG_Ext_net_flat_physnet6"
    },
    {
      "extCps": [{
        "cpConfig": [{
          "cpProtocolData": [{
            "layerProtocol": "IP_OVER_ETHERNET",
            "ipOverEthernet": {
              "ipAddresses": [{
                "type": "IPV4",
                "fixedAddresses": [
                  "10.95.11.169"
                ],
                "subnetId": "CMG1OAMSECSubNet_BOF_UPF"
              }, {
                "type": "IPV4",
                "fixedAddresses": [
                  "10.95.11.170"
                ],
                "subnetId": "CMG1OAMSECSubNet_BOF_UPF"
              }]
            }
          }]
        }],
        "cpdId": "oamManagementECP"
      }],
      "id": "oamManagementNetwork",
      "vimConnectionId": "vim_id",
      "resourceId": "$oamManagementNet"
    },
    {
      "extCps": [{
        "cpConfig": [{
          "cpProtocolData": [{
            "layerProtocol": "IP_OVER_ETHERNET",
            "ipOverEthernet": {
              "ipAddresses": [{
                "type": "IPV4",
                "fixedAddresses": [
                  "$dbExternalIp"
                ],
                "subnetId": "notUsed"
              }]
            }
          }]
        }],
        "cpdId": "dbExtECP"
      }],
      "id": "dbExternalNetwork",
      "vimConnectionId": "vim_id",
      "resourceId": "$dbExternalNet"
    },
    {
      "extCps": [{
        "cpConfig": [{
          "cpProtocolData": [{
            "layerProtocol": "IP_OVER_ETHERNET",
            "ipOverEthernet": {
              "ipAddresses": [{
                "type": "$dbMgmtIpType",
                "fixedAddresses": [
                  "$dbMgmtIp"
                ],
                "subnetId": "notUsed"
              }]
            }
          }]
        }],
        "cpdId": "dbManagementECP"
      }],
      "id": "dbManagementNetwork",
      "vimConnectionId": "vim_id",
      "resourceId": "$dbManagementNet"
    }
  ],
  "grantlessMode": true,
  "computeResourceFlavours": [{
      "vimConnectionId": "vim_id",
      "vimFlavourId": "Flavor-CMG1-OAM-CPF",
      "vnfdVirtualComputeDescId": "oamCompute"
    },
    {
      "vimConnectionId": "vim_id",
      "vimFlavourId": "Flavor-CMG1-MG-CPF",
      "vnfdVirtualComputeDescId": "mgCompute"
    },
    {
      "vimConnectionId": "vim_id",
      "vimFlavourId": "Flavor-CMG1-LB-CPF",
      "vnfdVirtualComputeDescId": "loadBalancerCompute"
    },
    {
      "vimConnectionId": "vim_id",
      "vimFlavourId": "Flavor-CMG1-DB-CPF",
      "vnfdVirtualComputeDescId": "dbCompute"
    }
  ],
  "softwareImages": [{
      "vimConnectionId": "vim_id",
      "vnfdSoftwareImageId": "cmgImage",
      "vimSoftwareImageId": "$ImageUUID"
    },
    {
      "vimConnectionId": "vim_id",
      "vnfdSoftwareImageId": "dbImage",
      "vimSoftwareImageId": "$dbImageUUID"
    }
  ],
  "zones": [{
      "id": "workingZones",
      "zoneId": "Performance-1",
      "vimConnectionId": "vim_id"
    },
    {
      "id": "protectZones",
      "zoneId": "Performance-2",
      "vimConnectionId": "vim_id"
    }
  ]
}
