{
  "apiVersion": "4.0",
  "extensions": {
    "systemIpAddr": "$SytemIp",
    "staticRoute": "static-route=0.0.0.0/0@6.6.6.1",
    "primaryConfigFile": "ftp://*:*@6.6.6.1/regressbed/images/dut-a.cfg",
    "licenseFile": "ftp://*:*@6.6.6.1/regressbed/images/vmLICENSE/timos.vsr-all.txt",
    "securityGroup": "srGrp",
    "oamManagementNetmask": "24",
    "dataSwitchFabric1Vlan": "100",
    "dataSwitchFabric2Vlan": "200",
    "oamCompactFlash1Size": "2",
    "oamCompactFlash2Size": "2",
    "externalIpAddressList": "0.0.0.0/0",
    "csfFailureDetectionTimer": "100",
    "hyperThreadingSupportValue": "0",
    "controlPlaneCores": "4",
    "compactFp": "0",
    "multipleNicTasks": "0",
    "snmpCommunity": "private",
    "vnfHostname": "CloudMG",
    "mtu": "9000",
    "l3Connectivity": "0",
    "controlSwitchFabric1Cidr": "1.0.1.0/24",
    "controlSwitchFabric2Cidr": "1.0.2.0/24",
    "dataSwitchFabric1Cidr": "1.0.3.0/24",
    "dataSwitchFabric2Cidr": "1.0.4.0/24",
    "cupsMode": false,
    "scaleConfig": true,
    "oamUsername": "admin",
    "oamPassword": "admin",
    "oamActiveVirtualIp": "15.227.17.40",
    "oamStandbyVirtualIp": "15.227.17.41",
    "dataSwitchFabric1SubnetId": "dataSwitchFabric1Subnet",
    "dataSwitchFabric2SubnetId": "dataSwitchFabric2Subnet",
    "dbManagementNetmask": "26",
    "dbManagementGatewayIp": "15.227.19.1",
    "numberOfRedisInstances": "4",
    "numberOfUserWorkers": "5",
    "numberOfCtrlWorkers": "5",
    "dbUsername": "cmguser",
    "dbPassword": "password",
    "dbExternalNetmask": "24",
    "mgLbManagementCidr": "1.0.5.0/24",
    "mgLbManagementGatewayIp": "1.0.5.1",
    "vf2vf": "0",
    "sessionDeletionRate": "2048",
    "primaryDnsServerIp": "115.45.55.70",
    "secondaryDnsServerIp": "115.45.55.80",
    "controlSwitchFabric1SubnetId": "controlSwitchFabric1Subnet",
    "controlSwitchFabric2SubnetId": "controlSwitchFabric2Subnet",
    "controlSwitchFabric1Vlan": "150",
    "controlSwitchFabric2Vlan": "250",
    "oamAllowedAddressPairsIpPrefix": true
  }
}