{
  "vims": [{
    "interfaceInfo": {
      "region": "$region"
    },
    "id": "vim_id",
    "accessInfo": {
      "password": "$password",
      "username": "$username",
      "tenant": "$tenant"
    },
    "interfaceEndpoint": "$keystoneEndpointURL"
  }],
  "flavourId": "scalable",
  "instantiationLevelId": "minimum",
  "extManagedVirtualLinks": [{
      "virtualLinkDescId": "dataSwitchFabric1VL",
      "resourceId": "$dataSwitchFabric1Net"
    },
    {
      "virtualLinkDescId": "dataSwitchFabric2VL",
      "resourceId": "$dataSwitchFabric2Net"
    }
  ],
  "extVirtualLinks": [{
      "extCps": [{
        "addresses": [{
          "subnetId": "notUsed",
          "ip": "$loadBalancerExt1Ip"
        }],
        "cpdId": "loadBalancerExt1ECP"
      }],
      "resourceId": "$extConnectNet1"
    },
    {
      "extCps": [{
        "addresses": [{
          "subnetId": "notUsed",
          "ip": "$loadBalancerExt2Ip"
        }],
        "cpdId": "loadBalancerExt2ECP"
      }],
      "resourceId": "$extConnectNet2"
    },
    {
      "extCps": [{
        "addresses": [{
          "subnetId": "notUsed",
          "ip": "$loadBalancerExt3Ip"
        }],
        "cpdId": "loadBalancerExt3ECP"
      }],
      "resourceId": "$extConnectNet3"
    },
    {
      "extCps": [{
        "addresses": [{
          "subnetId": "notUsed",
          "ip": "$loadBalancerExt4Ip"
        }],
        "cpdId": "loadBalancerExt4ECP"
      }],
      "resourceId": "$extConnectNet4"
    },
    {
      "extCps": [{
        "addresses": [{
          "subnetId": "notUsed",
          "ip": "$loadBalancerExt5Ip"
        }],
        "cpdId": "loadBalancerExt5ECP"
      }],
      "resourceId": "$extConnectNet5"
    },
    {
      "extCps": [{
        "addresses": [{
          "subnetId": "notUsed",
          "ip": "$loadBalancerExt6Ip"
        }],
        "cpdId": "loadBalancerExt6ECP"
      }],
      "resourceId": "$extConnectNet6"
    },
    {
      "extCps": [{
        "addresses": [{
          "subnetId": "notUsed",
          "ip": "$loadBalancerExt7Ip"
        }],
        "cpdId": "loadBalancerExt7ECP"
      }],
      "resourceId": "$extConnectNet7"
    },
    {
      "extCps": [{
        "addresses": [{
          "subnetId": "notUsed",
          "ip": "$loadBalancerExt8Ip"
        }],
        "cpdId": "loadBalancerExt8ECP"
      }],
      "resourceId": "$extConnectNet8"
    },
    {
      "extCps": [{
        "addresses": [{
          "subnetId": "notUsed",
          "ip": "$loadBalancerExt9Ip"
        }],
        "cpdId": "loadBalancerExt9ECP"
      }],
      "resourceId": "$extConnectNet9"
    },
    {
      "extCps": [{
        "addresses": [{
          "subnetId": "notUsed",
          "ip": "$loadBalancerExt10Ip"
        }],
        "cpdId": "loadBalancerExt10ECP"
      }],
      "resourceId": "$extConnectNet10"
    },
    {
      "extCps": [{
        "addresses": [{
          "subnetId": "notUsed",
          "ip": "$loadBalancerExt11Ip"
        }],
        "cpdId": "loadBalancerExt11ECP"
      }],
      "resourceId": "$extConnectNet11"
    },
    {
      "extCps": [{
        "addresses": [{
          "subnetId": "notUsed",
          "ip": "$loadBalancerExt12Ip"
        }],
        "cpdId": "loadBalancerExt12ECP"
      }],
      "resourceId": "$extConnectNet12"
    },
    {
      "extCps": [{
        "addresses": [{
          "subnetId": "notUsed",
          "ip": "$loadBalancerExt13Ip"
        }],
        "cpdId": "loadBalancerExt13ECP"
      }],
      "resourceId": "$extConnectNet13"
    },
    {
      "extCps": [{
        "addresses": [{
          "subnetId": "notUsed",
          "ip": "$loadBalancerExt14Ip"
        }],
        "cpdId": "loadBalancerExt14ECP"
      }],
      "resourceId": "$extConnectNet14"
    },
    {
      "extCps": [{
        "addresses": [{
          "subnetId": "notUsed",
          "ip": "$loadBalancerExt15Ip"
        }],
        "cpdId": "loadBalancerExt15ECP"
      }],
      "resourceId": "$extConnectNet15"
    },
    {
      "extCps": [{
        "addresses": [{
          "subnetId": "notUsed",
          "ip": "$loadBalancerExt16Ip"
        }],
        "cpdId": "loadBalancerExt16ECP"
      }],
      "resourceId": "$extConnectNet16"
    },
    {
      "resourceId": "$managementNet",
      "extCps": [{
        "addresses": [{
            "subnetId": "notUsed",
            "ip": "$activeMgmtIp"
          },
          {
            "subnetId": "notUsed",
            "ip": "$standbyMgmtIp"
          }
        ],
        "cpdId": "oamManagementECP"
      }]
    }
  ],
  "grantlessMode": true,
  "computeResourceFlavours": [{
      "vnfdVirtualComputeDescId": "oamCompute",
      "resourceId": "$OAMVMFlavor"
    },
    {
      "vnfdVirtualComputeDescId": "mgCompute",
      "resourceId": "$MGVMFlavor"
    },
    {
      "vnfdVirtualComputeDescId": "loadBalancerCompute",
      "resourceId": "$LBVMFlavor"
    }
  ],
  "softwareImages": [{
    "vnfdSoftwareImageId": "cmgImage",
    "resourceId": "$ImageUUID"
  }],
  "zones": [{
      "id": "workingZones",
      "resourceId": "$Zone1"
    },
    {
      "id": "protectZones",
      "resourceId": "$Zone2"
    }
  ]
}